date,Open,High,Low,Close,Volume,SMA_20,EMA_20,MACD,RSI_14,Momentum_10,Bollinger_Upper,Bollinger_Lower,ATR_14,Volume_MA_20,OBV,Lag_1,Lag_5,Lag_10
2025-07-18,3.219837180590603,3.617093918067054,2.7565678692474673,3.3638920000000003,30445.630549919268,2.7853499999999998,2.883470542895716,0.0954464938161208,60.31745998236332,0.48,3.3836029917227854,2.187097008277214,0.33131171777282764,39645.281527495965,134682.0,3.06,2.86,2.58
2025-07-21,3.3425745454537688,3.6740254493898474,3.2430380768829408,3.406520000000001,29765.689690353563,2.8332392000000004,2.9554106725972575,0.12837894443952713,62.87898665562472,0.7238920000000002,3.520338440054303,2.146139959945698,0.3478108158090353,40292.86601201364,165127.63054991927,3.3638920000000003,3.57,2.64
2025-07-22,3.370182152533278,3.9161255869050455,2.893131614184762,3.4044600000000003,29507.878262824375,2.8696966,3.002046626680966,0.14184804639714566,62.35676717171536,0.9065200000000009,3.6065182076940205,2.1328749923059798,0.4066175281461983,40984.45992515486,194893.32024027282,3.406520000000001,3.257,2.5
2025-07-23,3.401472106043225,3.8319414468817325,2.913281194472056,3.40606,29897.317755346776,2.9113166,3.0401942041852728,0.1481671618621978,65.253802947493,1.0044600000000004,3.6705552453134693,2.152077954686531,0.45581468903260386,40891.225812922195,165385.44197744844,3.4044600000000003,3.14,2.4
2025-07-24,3.247262347951577,3.6651993891670287,3.029417436432035,3.379110000000001,28880.879272725262,2.9551996000000003,3.075176434172163,0.15164201515037545,66.58635081311033,0.46606000000000014,3.723045626240158,2.1873535737598426,0.48087768565653194,41378.91977655846,195282.7597327952,3.40606,3.06,2.94
2025-07-25,3.507665668049742,3.917444861748633,2.915268980160818,3.3709800000000003,27953.180253785526,2.9938076000000002,3.1018002658383064,0.14917486581027406,65.04010739742648,0.5191100000000013,3.7596685714575186,2.227946628542482,0.5474616771985188,41515.47878924774,166401.88046006995,3.379110000000001,3.3638920000000003,2.86
2025-07-28,3.3646251187396357,3.626265931424571,3.1328655413767934,3.2968599999999997,26573.575581946836,3.0349501,3.1267358867788757,0.14595997095664748,68.72865788677343,-0.19901999999999953,3.7864180019462763,2.283482198053724,0.5698474193447886,42064.357568345076,138448.7002062844,3.3709800000000003,3.406520000000001,3.57
2025-07-29,3.4176542448440332,3.6869662249637374,3.0698493801411817,3.275019999999999,27720.658895716922,3.0625871,3.136551425906511,0.1329080360238435,69.50221321702762,0.03985999999999956,3.7964531258106495,2.3287210741893505,0.6028557654035426,41795.64051313093,111875.12462433758,3.2968599999999997,3.4044600000000003,3.257
2025-07-30,3.4155158426567724,3.7685905383342924,2.994710734199112,3.279109999999999,26617.138731761108,3.0877461,3.147857004391605,0.12251606882633714,59.40422809554168,0.13501999999999903,3.810774579436148,2.364717620563852,0.6199614656989125,41897.99744971898,84154.46572862065,3.275019999999999,3.40606,3.14
2025-07-31,3.5182996410733507,3.8133188578706774,3.004323965869298,3.2956099999999986,27615.344815227334,3.1204061,3.1607097159914974,0.1147221957658573,62.28838107321402,0.2191099999999988,3.8148141601672343,2.4259980398327654,0.6648968151275826,42518.16469048035,110771.60446038176,3.279109999999999,3.379110000000001,3.06
2025-08-01,3.325583849911263,3.5174804678096967,2.954153875974413,3.2106539999999995,27749.57025545468,3.1570115999999997,3.174979130795028,0.10919598734722502,36.44063558358888,-0.06828200000000173,3.807166239317334,2.5068569606826654,0.6551344288301026,43034.54320325308,138386.9492756091,3.2956099999999986,3.3709800000000003,3.3638920000000003
2025-08-04,2.8677700209316708,3.714458324153682,2.4932144781951453,3.2739350000000003,27264.91434535793,3.1812964999999997,3.171056265730649,0.09168214705860667,47.04337690253556,-0.19586600000000143,3.7822219944887316,2.580371005511268,0.708080417827141,44115.53892052098,110637.37902015442,3.2106539999999995,3.2968599999999997,3.406520000000001
2025-08-05,3.4848865412326506,3.9189384455809577,2.9711412769888015,3.263159999999999,27855.811889607,3.2231572999999996,3.1863070250034675,0.0900356486520888,59.17303840927702,-0.130525,3.7325160000521134,2.7137985999478857,0.7551087870122952,44904.12951500133,137902.29336551233,3.2739350000000003,3.275019999999999,3.4044600000000003
2025-08-06,3.3288854896316,3.5362667743280154,2.933261127778175,3.158142,27198.815253434466,3.2657765499999996,3.192697897905631,0.08265502164789806,65.37176287229425,-0.14290000000000092,3.5963505205443598,2.9352025794556393,0.7785636189087123,44930.77027767305,110046.48147590534,3.263159999999999,3.279109999999999,3.40606
2025-08-07,2.664822610284783,3.2547665740938876,2.26508959455041,3.088457000000001,26724.144994818544,3.27143275,3.1803576899418298,0.06270917137147425,27.730176582164106,-0.22096800000000139,3.5742160827755747,2.968649417224425,0.7877886853889903,38645.727527413976,82847.66622247087,3.158142,3.2956099999999986,3.379110000000001
2025-08-08,3.0372047365599877,3.279806530484103,2.6264329029025197,3.0992520000000012,26718.86961405263,3.2793713500000004,3.1656006401061,0.043266752290435306,17.47855288862131,-0.2825229999999994,3.5385430741523773,3.0201996258476234,0.8036734178943243,37014.42100811661,56123.52122765232,3.088457000000001,3.2106539999999995,3.3709800000000003
2025-08-11,2.7273730629899564,3.3719429317609557,2.459925102084951,3.0700670000000008,27213.853941991336,3.2563737,3.1602119034066534,0.03307589790820664,19.340619056598584,-0.19760799999999845,3.486911852336156,3.0258355476638443,0.7957465505340187,28778.213705216178,82842.39084170495,3.0992520000000012,3.2739350000000003,3.2968599999999997
2025-08-12,2.775348240171293,3.5704739258745333,2.39854956735085,3.0862369999999997,27594.248747392816,3.2455678,3.1491118672545455,0.020182172188251357,18.020463042332977,-0.2049529999999984,3.4947135578304,2.9964220421695997,0.8138368438278762,27864.72614258582,55628.53689971362,3.0700670000000008,3.263159999999999,3.275019999999999
2025-08-13,2.9998109875841217,3.333978427075248,2.689233626665877,3.101652000000001,26236.11754608037,3.2436881499999997,3.1445171179922076,0.013756709525047928,21.540583813722336,-0.19287299999999918,3.4965065769768784,2.990869723023121,0.814477047233189,27927.63201988984,83222.78564710643,3.0862369999999997,3.158142,3.279109999999999
2025-08-14,2.9604755868680424,3.4819018907337482,2.646609765249345,3.1081019999999997,26558.236655935063,3.2465415,3.141763002446465,0.009688161325534406,24.193893914273886,-0.19395799999999763,3.491602179249683,3.0014808207503174,0.8025567789400881,27804.59385268659,109458.9031931868,3.101652000000001,3.088457000000001,3.2956099999999986
2025-08-15,3.059082549607076,3.388110981559075,2.85441586639173,3.1070859999999993,26390.066480217654,3.2340744999999997,3.139112975002584,0.00634636390975718,29.218996809349193,-0.10255199999999975,3.4793319844281005,2.988817015571899,0.8054349735914857,27601.815649201504,136017.13984912186,3.1081019999999997,3.0992520000000012,3.2106539999999995
2025-08-18,2.9308410049895355,3.429870320518395,2.626706241467473,3.1327659999999993,25845.574864919112,3.219052,3.1359752404218386,0.0031337437467451323,30.6231182529869,-0.1668490000000009,3.4565168946181313,2.9815871053818688,0.8187240617506549,27405.809907929786,109627.07336890421,3.1070859999999993,3.0700670000000008,3.2739350000000003
2025-08-19,3.2474149663065575,3.538726409627153,2.7688224291039227,3.103915999999998,25280.67558964326,3.2067512999999996,3.137882387592548,0.004140307287665568,33.91562479432096,-0.1303939999999999,3.4281356423352247,2.9853669576647746,0.8184400743498014,27194.44977427073,135472.64823382333,3.1327659999999993,3.0862369999999997,3.263159999999999
2025-08-20,3.255460152427804,3.507898580216814,2.777671903628338,3.076196,25538.326176754923,3.1902016,3.132161552493031,-0.0006040130524276321,29.488138888293093,-0.05422600000000166,3.397071476383963,2.983331723616037,0.8128137732488796,26976.500195341137,110191.97264418007,3.103915999999998,3.101652000000001,3.158142
2025-08-21,2.6318323872463147,3.4343005247198395,2.1429974960993006,3.0377160000000005,26685.839004538455,3.1736698999999997,3.1244429284460757,-0.006365764717136457,33.60428136167222,-0.012261000000000966,3.368699703683977,2.9786400963160222,0.8648120901621121,26866.748181931798,84653.64646742515,3.076196,3.1081019999999997,3.088457000000001
2025-08-22,2.812126859221676,3.133176703116239,2.505738720683718,2.8975789999999995,25881.05832756358,3.1550827,3.1128674840135697,-0.01440804324117373,19.341239410398757,-0.0615360000000007,3.339929022842119,2.970236377157881,0.8223973856245396,26763.142085620704,57967.80746288669,3.0377160000000005,3.1070859999999993,3.0992520000000012
2025-08-25,3.0298619897625305,3.5282903870812996,2.4934047348228785,2.824861999999998,24597.149987074525,3.1281118,3.0802885218172658,-0.03748088154683282,14.479178620506843,-0.1724880000000013,3.355911689839261,2.900311910160739,0.8286179916007013,26664.320805877087,32086.74913532311,2.8975789999999995,3.1327659999999993,3.0700670000000008
2025-08-26,3.2246134204071804,3.5632749387080906,2.646198497046507,2.838091999999999,23826.67491954244,3.1019680499999995,3.049696322460519,-0.05662367276534397,15.448890283465587,-0.26137500000000147,3.3703018286441804,2.8336342713558187,0.8510516198229687,26469.621607068362,7489.599148248584,2.824861999999998,3.103915999999998,3.0862369999999997
2025-08-27,2.845677431926404,3.0944935346554687,2.5680977664876576,2.7897599999999976,23037.952666328933,3.0805786499999996,3.030683529845232,-0.0647116971122994,20.603740120343346,-0.2635600000000018,3.357386889571826,2.8037704104281733,0.8179601047247067,26290.662303796755,31316.274067791026,2.838091999999999,3.076196,3.101652000000001
2025-08-28,2.458278485538947,3.148887464813264,2.2303044851793117,2.7254139999999993,23492.562642415956,3.0528695499999996,3.0035737696332134,-0.07779944867642996,16.605089898892643,-0.3183420000000021,3.3476362338665373,2.758102866133462,0.8369036298713046,26084.523195156184,8278.321401462093,2.7897599999999976,3.0377160000000005,3.1081019999999997
2025-08-29,3.007357820853333,3.147159531271053,2.200428982801926,2.681857,22729.648219891893,3.02539025,2.9715378097134972,-0.09312060979332504,15.433974168575872,-0.381672,3.355603771999186,2.6951767280008143,0.839383109785099,25833.527093378045,-15214.241240953863,2.7254139999999993,2.8975789999999995,3.1070859999999993
2025-09-02,3.0011671619084557,3.426393741846681,2.340467772650448,2.7010699999999996,23738.687070776436,2.9936084999999997,2.9401959502850006,-0.10615970667965158,11.555720035403922,-0.45090899999999934,3.3436499891983686,2.6435670108016307,0.8332403676902812,25657.215729648968,-37943.889460845756,2.681857,2.824861999999998,3.1327659999999993
2025-09-03,2.6303494967004615,3.0406453275994045,2.2692172721439254,2.6952030000000002,23365.127845273764,2.96646465,2.9190775922079713,-0.10981877635882631,12.189840501808789,-0.4028459999999985,3.312445399986122,2.6204839000138778,0.842289171622146,25432.68152743231,-14205.20239006932,2.7010699999999996,2.838091999999999,3.103915999999998
2025-09-04,2.961845921580582,3.298063181289267,2.451192836607656,2.7204240000000004,22985.976203661245,2.94302435,2.897250655988618,-0.1134269076854193,10.984323476966651,-0.3809929999999997,3.297719181755726,2.588329518244274,0.8431161872790894,25222.039574943647,-37570.330235343084,2.6952030000000002,2.7897599999999976,3.076196
2025-09-05,2.8527454619630004,3.096246075331953,2.4845585592626533,2.700107,23682.18462279012,2.9258837499999997,2.8825832601801786,-0.11108388731370766,15.061714627516153,-0.31729200000000013,3.2837281041464292,2.56803939585357,0.8486870730578006,25069.941556342226,-14584.35403168184,2.7204240000000004,2.7254139999999993,3.0377160000000005
2025-09-08,2.6369011548476586,3.0286321594242036,2.2726023476580672,2.702264,22785.679064217606,2.9049106499999997,2.863453897532633,-0.1123662378648489,10.522877098689932,-0.19747199999999943,3.2688459732749946,2.540975326725005,0.8453203396803157,24873.282028850474,-38266.53865447196,2.700107,2.681857,2.8975789999999995
2025-09-09,2.812974282882094,3.0441568682598206,2.186958881896895,2.6761950000000003,23064.72063078668,2.8866283499999996,2.8482883426655796,-0.11053428813135024,11.475481857346026,-0.12259799999999821,3.252359828259681,2.520896871740318,0.8515556258117226,24665.82536329024,-15480.859590254353,2.702264,2.7010699999999996,2.824861999999998
2025-09-10,2.858151691673184,3.143898589800889,2.5312956586578985,2.699162,22582.25682157627,2.8648228,2.82965219211693,-0.11161281625011865,11.511941542237437,-0.16189699999999885,3.2320538659560287,2.497591734043971,0.8431539297084737,24415.225766999414,-38545.58022104103,2.6761950000000003,2.6952030000000002,2.838091999999999
2025-09-11,2.478376205217059,2.8779663832069238,2.142267706645792,2.6813620000000014,21652.57172779067,2.8458466499999995,2.819203570645476,-0.10636180100952508,16.42195419850563,-0.09059799999999774,3.200246131434976,2.491447168565023,0.8034679045613731,24186.04847608493,-15963.323399464763,2.699162,2.7204240000000004,2.7897599999999976
2025-09-12,2.629034570009278,3.012840964665799,2.4468842110523368,2.7072860000000007,20781.352326139095,2.8236196499999995,2.8045420151645017,-0.10494543939330869,21.684000744969268,-0.04405199999999798,3.1640622623796877,2.4831770376203113,0.7990763882171547,23897.204259595128,-37615.89512725543,2.6813620000000014,2.700107,2.7254139999999993
2025-09-15,2.6632554255805676,3.2600262780826097,2.5585932447135105,2.7254299999999994,21649.034386751493,2.8049258499999996,2.7975133515887443,-0.09790613775194457,32.451341927406816,0.025429000000000812,3.119490890065286,2.4903608099347134,0.7752583440107745,23660.152654921825,-16834.54280111634,2.7072860000000007,2.702264,2.681857
2025-09-16,2.582339043928468,3.1332445251991103,2.2695755497151513,2.8612899999999986,22091.917231340525,2.78546625,2.792211699056483,-0.09033672837471585,33.42786567193407,0.024359999999999715,3.06002656318216,2.5109059368178395,0.7714435249980871,23472.469773242894,4814.4915856351545,2.7254299999999994,2.6761950000000003,2.7010699999999996
2025-09-17,3.0797432803210003,3.4330023668831355,2.50273892783487,2.984223999999999,22456.745494616003,2.78012795,2.8104973422302417,-0.0654470483107894,58.3672151610256,0.16608699999999832,3.0158730956578785,2.544382804342121,0.8002912157752624,23331.27326849153,26906.40881697568,2.8612899999999986,2.699162,2.6952030000000002
2025-09-18,3.066912630414004,3.2867055248114934,2.564222786438157,3.0706139999999995,23345.411410927023,2.7816760499999997,2.8376356905892663,-0.03637454437643273,76.62489749038448,0.2637999999999985,3.0124659154479105,2.550886184552089,0.7862840556852183,23221.627530200138,49363.15431159169,2.984223999999999,2.6813620000000014,2.7204240000000004
2025-09-19,3.1254448737068006,3.4810031892120827,2.684752027112431,3.1874639999999994,24137.52457931649,2.7876404499999996,2.8672681372905156,-0.00868126586315654,86.75403419305883,0.3705069999999995,3.0442090980321463,2.531071801967853,0.7755355280873987,23094.21180893904,72708.56572251872,3.0706139999999995,2.7072860000000007,2.700107
2025-09-22,2.900006282153306,3.7120519702005934,2.5751047038008754,3.3423399999999988,23532.938511349268,2.8079771999999994,2.9078316888410787,0.0241649169829099,88.81835396096281,0.4851999999999994,3.1426305312200475,2.4733238687799513,0.7791799064590762,22976.805818128323,96846.09030183521,3.1874639999999994,2.7254299999999994,2.702264
2025-09-23,3.3681105058943457,3.5254640241974884,3.245006040729794,3.3064499999999994,23847.980826270465,2.8415948999999996,2.962558757024014,0.06413088763615393,91.7233697041207,0.6661449999999984,3.285537743309172,2.397652056690827,0.7441106156028059,22939.34736008812,120379.02881318447,3.3423399999999988,2.8612899999999986,2.6761950000000003
2025-09-24,3.0423336624750204,3.7046819370462485,2.832437172126172,3.3696199999999994,23849.46841020971,2.8632182999999998,2.9922177416158315,0.08004053417380952,87.27056567114856,0.6072879999999996,3.346240823732035,2.3801957762679646,0.7459230741912677,22940.48703462148,96531.04798691401,3.3064499999999994,2.984223999999999,2.699162
2025-09-25,2.9701820832728463,3.7062191812192316,2.568879915235576,3.452179999999999,24597.19751443878,2.8953697999999997,3.033604033797544,0.10270802160888381,90.3792484656071,0.688257999999998,3.4379924032328555,2.352747196767144,0.7834696277565788,23018.449277026975,120380.51639712372,3.3696199999999994,3.0706139999999995,2.6813620000000014
2025-09-26,3.3242488853300256,3.888087812379954,3.063929043502965,3.4312899999999997,24732.538753110963,2.9358360999999995,3.080582425136553,0.12698383312883044,91.22981846157361,0.7448939999999982,3.5397031414990376,2.3319690585009614,0.7883359818359255,23080.448082561725,144977.7139115625,3.452179999999999,3.1874639999999994,2.7072860000000007
