Date,Open,High,Low,Close,Volume,SMA_20,EMA_20,MACD,RSI_14,Momentum_10,Bollinger_Upper,Bollinger_Lower,ATR_14,Volume_MA_20,OBV,Lag_1,Lag_5,Lag_10
2023-08-15,5.58,5.8,5.58,5.63,2649,6.112875,6.042118284776307,-0.07947330352076687,25.171352390265113,-0.5800000000000001,6.490408267268908,5.735341732731092,0.13245714285714286,3221.15,-23726,5.8,6.05,6.21
2023-08-16,5.57,5.5701,5.5,5.5,1689,6.0798749999999995,5.9904879719404684,-0.10291880701665512,24.863557617899957,-0.6100000000000003,6.545230324908883,5.614519675091116,0.12658571428571427,2694.95,-25415,5.63,6.05,6.11
2023-08-17,5.6,5.6,5.35,5.49,16588,6.043875,5.9428224508032805,-0.12051501313295088,27.68887491333723,-0.6299999999999999,6.573768533993784,5.513981466006216,0.13015714285714283,3441.0,-42003,5.5,6.04,6.12
2023-08-18,5.51,5.685,5.51,5.56,3678,6.014375,5.906363169774397,-0.12797732098077663,14.539006907122982,-0.6399000000000008,6.583623164826111,5.445126835173889,0.12479999999999995,3522.0,-38325,5.49,5.8,6.1999
2023-08-21,5.6,5.6,5.6,5.6,252,5.97738,5.8771857250339785,-0.12951271006428744,19.795998933309548,-0.5100000000000007,6.553679266554782,5.401080733445219,0.11145714285714282,3408.95,-38073,5.56,5.8,6.11
2023-08-22,5.42,5.75,5.35,5.65,11868,5.94488,5.855548989316457,-0.1257085598412564,26.03667392736672,-0.39999999999999947,6.517876374012593,5.371883625987408,0.13645714285714286,3950.4,-26205,5.6,5.63,6.05
2023-08-23,5.77,5.77,5.73,5.73,1035,5.9143799999999995,5.843591942714889,-0.11565669486110419,31.064283904738843,-0.3199999999999994,6.4632528377320195,5.3655071622679795,0.13931428571428567,3968.2,-25170,5.65,5.5,6.05
2023-08-24,5.89,6.015,5.78,6.015,9925,5.903745,5.859916519599185,-0.08627201129428475,42.513563369349804,-0.025000000000000355,6.43501646584496,5.37247353415504,0.15039285714285702,4387.65,-15245,5.73,5.49,6.04
2023-08-25,5.755,5.755,5.755,5.755,353,5.887995,5.849924470113549,-0.08094556200709313,37.3665476703689,-0.04499999999999993,6.417186560083074,5.358803439916926,0.14289285714285707,4152.15,-15598,6.015,5.56,5.8
2023-08-28,5.75,5.75,5.75,5.75,739,5.858495,5.840407853912258,-0.07620878226652472,38.88888848559671,-0.04999999999999982,6.345707632603487,5.371282367396512,0.13860714285714273,3922.15,-16337,5.755,5.6,5.8
2023-08-29,5.55,5.55,5.46,5.46,345,5.820995,5.804178534492043,-0.09268915941512912,32.01219484867637,-0.16999999999999993,6.309742962063324,5.332247037936676,0.14432142857142846,3841.4,-16682,5.75,5.65,5.63
2023-08-30,5.21,5.5775,5.21,5.525,3696,5.791745000000001,5.777590102635658,-0.09973299490368603,34.80825929951881,0.025000000000000355,6.277680258737427,5.305809741262574,0.16914285714285704,3935.9,-12986,5.46,5.73,5.5
2023-08-31,5.5309,5.65,5.35,5.65,5399,5.768244999999999,5.765438664289405,-0.09488164302440172,45.253164155984635,0.16000000000000014,6.232306567943418,5.304183432056581,0.15697142857142848,4158.6,-7587,5.525,6.015,5.49
2023-09-01,5.78,5.79,5.73,5.73,5272,5.74475,5.7620635534047,-0.08406956223218387,47.891565861155485,0.17000000000000082,6.162015219204637,5.327484780795363,0.15768571428571418,4335.6,-2315,5.65,5.755,5.56
2023-09-05,5.71,5.71,5.48,5.48,1242,5.71325,5.735200357842348,-0.09326166536256597,45.68965480479589,-0.11999999999999922,6.108980836221845,5.317519163778155,0.15839999999999987,4249.3,-3557,5.73,5.75,5.6
2023-09-06,5.45,5.45,5.45,5.45,736,5.68325,5.70803841900022,-0.1016207878816271,48.47560934228139,-0.20000000000000018,6.062102491777887,5.304397508222113,0.15339285714285703,4050.1,-4293,5.48,5.46,5.65
2023-09-07,5.3051,5.3051,5.3051,5.3051,1113,5.646005000000001,5.669663331476389,-0.11788592624764238,44.7912554920967,-0.42490000000000006,6.019470085946533,5.272539914053469,0.13553571428571415,4051.75,-5406,5.45,5.525,5.73
2023-09-08,5.5,5.65,5.35,5.35,1063,5.611504999999999,5.639219204669114,-0.12586378874129345,43.999313855303235,-0.665,5.958247346175912,5.264762653824087,0.14446428571428566,4053.6,-4343,5.3051,5.65,6.015
2023-09-12,5.7,5.7,5.42,5.42,1163,5.592505,5.618341185176818,-0.12535096648813315,44.94325169726626,-0.33499999999999996,5.937397816149563,5.247612183850437,0.16446428571428567,3522.95,-3180,5.35,5.73,5.755
2023-09-13,5.31,5.73,5.2701,5.35,3467,5.570005,5.592784881826645,-0.1288385579353326,41.665740313745744,-0.40000000000000036,5.916611711600213,5.223398288399787,0.16874285714285708,3613.6,-6647,5.42,5.48,5.75
2023-09-15,5.35,5.35,5.09,5.09,7024,5.543005,5.544900607366964,-0.1499510338882164,33.83675094771465,-0.3700000000000001,5.9489794377485605,5.137030562251439,0.18445714285714285,3832.35,-13671,5.35,5.45,5.46
2023-09-18,5.17,5.26,5.17,5.25,1728,5.530505,5.516814835236777,-0.15249547836933708,29.377830272110415,-0.27500000000000036,5.956934462174605,5.104075537825395,0.1741,3834.3,-11943,5.09,5.3051,5.525
2023-09-19,5.25,5.25,5.25,5.25,473,5.518504999999999,5.49140389854756,-0.1527389396877492,34.16729340460114,-0.40000000000000036,5.962864340008318,5.0741456599916805,0.1741,3028.55,-11943,5.25,5.35,5.65
2023-09-20,5.47,5.47,5.37,5.37,2406,5.509005,5.479841622495411,-0.1419295641943208,38.88758887330318,-0.3600000000000003,5.957731668532893,5.060278331467107,0.18124285714285712,2964.95,-9537,5.25,5.42,5.73
2023-09-21,5.16,5.16,5.16,5.16,257,5.487005,5.449380515591086,-0.1480682491544556,40.796416387808435,-0.3200000000000003,5.9594641008754055,5.014545899124594,0.17481428571428573,2965.2,-9794,5.37,5.35,5.48
2023-09-22,5.25,5.25,5.25,5.25,339,5.4670049999999994,5.430391895058602,-0.14420821322838862,41.69083841934266,-0.20000000000000018,5.9442531666034055,4.989756833396593,0.14856428571428573,2388.75,-9455,5.16,5.09,5.45
2023-09-26,5.02,5.02,5.02,5.02,307,5.4315050000000005,5.3913069526720685,-0.1573897205973056,32.100238408112645,-0.2851000000000008,5.931469148083059,4.931540851916942,0.12713571428571427,2352.35,-9762,5.25,5.25,5.3051
2023-09-27,5.1048,5.1048,5.1048,5.1048,353,5.385995,5.36402057622711,-0.15931517348469626,32.28493684008323,-0.24519999999999964,5.824215384233654,4.947774615766346,0.12285,1873.75,-9409,5.02,5.25,5.35
2023-09-28,5.02,5.3426,5.02,5.3426,3239,5.365374999999999,5.361980521348337,-0.14046811152520888,46.079661809452595,-0.07739999999999991,5.767838727688917,4.962911272311081,0.12946428571428578,2018.05,-6170,5.1048,5.37,5.42
2023-09-29,5.235,5.2858,4.96,4.96,2456,5.325875,5.3236966621723045,-0.15397018525509854,38.36104487550848,-0.3899999999999997,5.724445735318874,4.927304264681126,0.15273571428571436,2103.9,-8626,5.3426,5.16,5.35
2023-10-02,5.055,5.055,5.055,5.055,570,5.305625,5.29810650387018,-0.15535647060665791,43.9151376503275,-0.03500000000000014,5.71646777886725,4.89478222113275,0.15273571428571436,2115.15,-8056,4.96,5.25,5.09
2023-10-03,5.045,5.06,4.89,4.9,1986,5.274375,5.260191598739687,-0.16680477425190432,39.60835001176941,-0.34999999999999964,5.709330774521352,4.839419225478648,0.14345000000000002,2029.65,-10042,5.055,5.02,5.25
2023-10-04,4.9,5.0727,4.9,5.0727,2618,5.24551,5.2423352560025736,-0.1603227539180132,42.343136561222316,-0.1772999999999998,5.651141644670248,4.839878355329753,0.13578571428571426,1890.6,-7424,4.9,5.1048,5.25
2023-10-05,5.045,5.045,4.7301,4.77,1689,5.197509999999999,5.197350945907091,-0.17718145832991716,38.40278311699633,-0.6000000000000005,5.588689080809739,4.80633091919026,0.1254285714285714,1711.45,-9113,5.0727,5.3426,5.37
2023-10-06,4.66,4.7201,4.66,4.7201,437,5.159515,5.15189847486832,-0.19228567502774396,41.92534355513871,-0.43989999999999974,5.581564487120813,4.7374655128791865,0.11114999999999998,1671.2,-9550,4.77,4.96,5.16
2023-10-09,4.9715,4.9715,4.9715,4.9715,790,5.13559,5.134717667738004,-0.18213653400716812,44.15382651742156,-0.2785000000000002,5.542275549806046,4.728904450193953,0.10472142857142856,1673.9,-8760,4.7201,5.055,5.25
2023-10-10,4.71,5.5,4.71,5.05,8164,5.122835,5.126649318429623,-0.16592266593765803,45.93561996297403,0.03000000000000025,5.523086396131553,4.722583603868448,0.16115,2026.45,-596,4.9715,4.9,5.02
2023-10-11,5.1,5.1,5.1,5.1,4984,5.110335,5.124111288102992,-0.14738479668667104,44.35240937879277,-0.0048000000000003595,5.496066869103524,4.724603130896476,0.15400714285714287,2222.5,4388,5.05,5.0727,5.1048
2023-10-12,5.02,5.29,5.02,5.24,1467,5.101335000000001,5.13514830828366,-0.12013204601119476,51.723840405044925,-0.1025999999999998,5.464377321876772,4.738292678123229,0.1732928571428572,2237.7,5855,5.1,4.77,5.3426
2023-10-13,4.91,5.02,4.86,5.02,1180,5.084835,5.124181802732835,-0.11478798662255674,45.306888412383095,0.05999999999999961,5.429839898668492,4.739830101331508,0.18472142857142856,2123.35,4675,5.24,4.7201,4.96
2023-10-16,4.7,4.7,4.7,4.7,1074,5.065335,5.083783535805899,-0.13458436526037332,43.70177900652461,-0.35499999999999954,5.450822007221819,4.679847992778181,0.18472142857142856,1825.85,3601,5.02,4.9715,5.055
2023-10-17,4.46,4.7899,4.46,4.59,5805,5.032335000000001,5.036756532395813,-0.15725702089795135,39.96725890257965,-0.3100000000000005,5.461756472632527,4.602913527367474,0.20828571428571432,2029.7,-2204,4.7,5.05,4.9
2023-10-19,4.56,4.7869,4.56,4.66,982,5.002835,5.000874957881926,-0.1676840462453555,35.766118733536715,-0.41270000000000007,5.449992950546376,4.5556770494536245,0.20145000000000005,2055.15,-1222,4.59,5.1,5.0727
2023-10-20,4.7787,4.7803,4.75,4.7501,4561,4.97184,4.976991628559838,-0.16680426817335992,45.01496193881657,-0.019899999999999807,5.397247457435925,4.546432542564076,0.1803428571428572,2162.9,3339,4.66,5.24,4.77
2023-10-23,4.79,4.79,4.75,4.75,3131,4.95134,4.955373378220806,-0.1642200079472973,42.41444459122452,0.029899999999999594,5.378082483176167,4.5245975168238335,0.18320000000000006,2306.6,208,4.7501,5.02,4.7201
2023-10-24,4.94,4.94,4.94,4.94,570,4.935840000000001,4.953909246961682,-0.14526012505231378,50.97780350362313,-0.03149999999999942,5.338762024061327,4.532917975938674,0.17105714285714294,2318.15,778,4.75,4.7,4.9715
2023-10-25,4.51,4.51,4.51,4.51,764,4.91034,4.911632175822474,-0.16285337331211291,37.78173425589774,-0.54,5.3533906797671085,4.467289320232891,0.15872142857142865,2341.0,14,4.94,4.59,5.05
2023-10-26,4.48,4.64,4.46,4.64,1772,4.887099999999999,4.885762444791762,-0.1644639362716358,46.94835649893099,-0.45999999999999996,5.335926099250492,4.438273900749507,0.14908571428571435,2411.95,1786,4.51,4.66,5.1
2023-10-27,4.555,4.555,4.555,4.555,173,4.847720000000001,4.854261259573499,-0.17059696438402572,46.187242784803736,-0.6850000000000005,5.265397183833077,4.4300428161669245,0.1447928571428572,2258.65,1613,4.64,4.7501,5.24
2023-10-31,4.63,4.63,4.63,4.63,324,4.83122,4.832903044376023,-0.1675007456868931,41.41398874651993,-0.3899999999999997,5.2562296697351885,4.406210330264812,0.1447928571428572,2152.05,1937,4.555,4.75,5.02
2023-11-01,4.46,4.52,4.46,4.52,850,4.80447,4.803102754435449,-0.17190255100933172,36.882486626891,-0.1800000000000006,5.23744670825892,4.37149329174108,0.09265000000000002,2166.05,1087,4.63,4.94,4.7
2023-11-02,4.4414,4.4582,4.29,4.4456,4400,4.78175,4.769054873060645,-0.17930251198644154,33.996869570597596,-0.14440000000000008,5.240538948153027,4.322961051846972,0.10466428571428572,2286.75,-3313,4.52,4.51,4.59
2023-11-03,4.29,4.4845,4.29,4.33,5574,4.7446150000000005,4.727240123245346,-0.19224342890148272,27.477477287058377,-0.33000000000000007,5.22401389236417,4.265216107635831,0.09927142857142852,2434.55,-8887,4.4456,4.64,4.66
2023-11-06,4.38,4.38,4.38,4.38,581,4.725115000000001,4.694169635317217,-0.19621472135572127,32.70457223118366,-0.3700999999999999,5.231153352093463,4.2190766479065385,0.08784285714285714,2379.15,-8306,4.33,4.555,4.7501
2023-11-07,4.31,4.31,4.31,4.31,787,4.704610000000001,4.657582051001292,-0.20265540924265668,37.81402291626276,-0.4400000000000004,5.2436621072361955,4.165557892763806,0.08784285714285714,2396.65,-9093,4.38,4.63,4.75
2023-11-08,4.29,4.72,4.29,4.72,1461,4.692035,4.663526617572598,-0.17277886194100578,53.4206921650933,-0.22000000000000064,5.216406412264239,4.167663587735761,0.0949928571428571,2430.2,-7632,4.31,4.52,4.94
2023-11-09,4.35,4.42,4.35,4.42,1166,4.660535,4.640333606375207,-0.17126982259249335,44.366725837417064,-0.08999999999999986,5.1698388893275835,4.151231110672417,0.08378571428571423,2080.3,-8798,4.72,4.4456,4.51
2023-11-13,4.4228,4.4228,4.4228,4.4228,813,4.6266750000000005,4.619616120053759,-0.16791218293090804,41.989328607445,-0.21720000000000006,5.101862076179913,4.151487923820088,0.08162142857142848,1871.75,-7985,4.42,4.33,4.64
2023-11-14,4.5796,4.5796,4.5392,4.5392,664,4.591634999999999,4.6119574419534,-0.15410324674174358,45.11856213798636,-0.015799999999999592,4.969855594362592,4.2134144056374065,0.0816499999999999,1831.6,-7321,4.4228,4.38,4.555
2023-11-15,4.4997,4.5,4.29,4.29,38855,4.555135,4.581294828434029,-0.16136475265137484,35.34980143576577,-0.33999999999999986,4.898595251434984,4.211674748565016,0.0966499999999999,3715.35,-46176,4.5392,4.31,4.63
2023-11-16,4.47,4.5,4.3,4.5,2813,4.545135,4.573552463821264,-0.14849516109024563,49.74979949134448,-0.019999999999999574,4.8824268416164935,4.207843158383507,0.11093571428571421,3802.3,-43363,4.29,4.72,4.52
2023-11-17,4.49,4.545,4.28,4.43,7806,4.537134999999999,4.559880800600191,-0.14229350532410034,44.583161048202506,-0.015600000000000058,4.877521988897223,4.196748011102775,0.11700714285714277,3902.35,-51169,4.5,4.42,4.4456
2023-11-20,4.56,5.0799,4.5,5.0799,14064,4.55813,4.609406438638268,-0.08405636779415637,60.484160569337185,0.7499000000000002,4.973881171027238,4.142378828972762,0.15842857142857136,4556.45,-37105,4.43,4.4228,4.33
2023-11-21,4.84,5.18,4.78,4.83,4337,4.562125,4.630415349244147,-0.05737565960530766,53.733850813130495,0.4500000000000002,4.987076895110362,4.137173104889638,0.1869999999999999,4545.25,-41442,5.0799,4.5392,4.38
2023-11-22,4.79,5.02,4.79,4.8864,1791,4.568944999999999,4.654794839792324,-0.031325725644993696,56.98011095110816,0.5764000000000005,5.010640667912448,4.12724933208755,0.19914285714285704,4478.25,-39651,4.83,4.29,4.31
2023-11-24,4.79,5.06,4.79,5.06,1250,4.574945,4.69338580743115,0.0032703544524830264,61.278360798187435,0.33999999999999986,5.040480288842733,4.109409711157266,0.2064142857142856,4512.25,-38401,4.8864,4.5,4.72
2023-11-27,4.73,5.0,4.73,5.0,1292,4.599445,4.722587159104373,0.025557440111470875,62.55528038536319,0.5800000000000001,5.100787124911243,4.098102875088758,0.21180714285714272,4538.65,-39693,5.06,4.43,4.42
2023-11-28,4.9717,5.0,4.97,5.0,1313,4.617445,4.749007429665862,0.04272726200434818,61.840195223526564,0.5772000000000004,5.149808795182436,4.085081204817564,0.2139499999999999,4515.7,-39693,5.0,5.0799,4.4228
2023-11-29,4.74,4.74,4.74,4.74,763,4.626695,4.748149579221494,0.03497352489698624,57.656149559438056,0.2008000000000001,5.1609159969469,4.092474003053099,0.2139499999999999,4545.2,-40456,5.0,4.83,4.5392
2023-11-30,4.58,4.8006,4.58,4.6456,1870,4.627475,4.73838295262897,0.020977045862916377,48.50758217158544,0.3555999999999999,5.161761865092638,4.093188134907361,0.19899285714285705,4622.5,-42326,4.74,4.8864,4.29
2023-12-01,4.8937,4.925,4.85,4.925,4636,4.647725,4.756156004759545,0.032040184040178055,60.214400953478304,0.4249999999999998,5.195392908883702,4.100057091116299,0.19934999999999992,4811.8,-37690,4.6456,5.06,4.5
2023-12-05,4.91,4.91,4.91,4.91,1369,4.670945000000001,4.770807813830064,0.03914703768261063,59.80597341708252,0.4800000000000004,5.22189937761263,4.1199906223873715,0.19934999999999992,4660.25,-39059,4.925,5.0,4.43
2023-12-06,4.52,4.65,4.52,4.52,5062,4.680445,4.746921355370058,0.013182056234379402,49.65189618713229,-0.5599000000000007,5.212887603677165,4.148002396322834,0.20574999999999996,4634.65,-44121,4.91,5.0,5.0799
2023-12-08,4.01,4.5,4.01,4.38,4906,4.680445,4.711976464382434,-0.018470935223945162,51.69901052488629,-0.4500000000000002,5.212887603677165,4.148002396322834,0.22574999999999998,4850.9,-49027,4.52,4.74,4.83
2023-12-11,4.23,4.4,4.1901,4.4,838,4.684945,4.682264420155535,-0.04146517985428755,47.966322024107825,-0.4863999999999997,5.205595756670002,4.164294243329998,0.22645714285714286,4853.45,-48189,4.38,4.6456,4.8864
2023-12-12,4.59,4.59,4.22,4.22,1511,4.659945,4.63823923728358,-0.07335794830548448,45.91216980348424,-0.8399999999999999,5.220031788293605,4.099858211706394,0.2339571428571429,4855.95,-49700,4.4,4.925,5.06
2023-12-13,4.282,4.4455,4.23,4.23,1707,4.6504449999999995,4.599359309923239,-0.09671164392019804,27.96702421758785,-0.7699999999999996,5.233636915599869,4.06725308440013,0.2079285714285714,4883.0,-47993,4.22,4.91,5.0
2023-12-14,4.38,4.49,4.38,4.49,845,4.653805,4.588944137549597,-0.09317664037196494,41.23168940723971,-0.5099999999999998,5.2322294315834394,4.075380568416561,0.18721428571428575,4884.6,-47148,4.23,4.52,5.0
2023-12-15,4.49,4.49,3.76,4.35,24009,4.644345,4.566187553021064,-0.10050773256518664,36.73852822669136,-0.39000000000000057,5.2366826969796465,4.052007303020354,0.22292857142857153,6051.85,-71157,4.49,4.38,4.74
2023-12-18,4.48,4.48,3.82,3.87,19792,4.623345,4.4998839765428675,-0.14337909748823208,24.450360553802398,-0.7755999999999998,5.293275640479015,3.953414359520984,0.25078571428571445,5098.7,-90949,4.35,4.4,4.6456
2023-12-19,4.06,4.1,3.9846,4.01,10798,4.598845,4.453228359729261,-0.16417015062770002,29.45034855018895,-0.915,5.321531020416374,3.8761589795836264,0.2397428571428573,5497.95,-80151,3.87,4.22,4.925
2023-12-20,3.8781,4.0,3.8781,4.0,781,4.577344999999999,4.41006375404076,-0.17938575920519817,29.328592520836665,-0.9100000000000001,5.345345596148337,3.8093444038516617,0.24630714285714303,5146.7,-80932,4.01,4.23,4.91
2023-12-21,4.01,4.33,4.01,4.09,7794,4.52785,4.379581491751163,-0.18208547274238374,35.54784751971279,-0.4299999999999997,5.287020859348672,3.7686791406513276,0.2691642857142859,4833.2,-73138,4.0,4.49,4.52
2023-12-22,4.2358,4.6,4.19,4.6,4949,4.51635,4.400573730632005,-0.1414553369110294,49.14427237351005,0.21999999999999975,5.263116062149947,3.7695839378500535,0.28269285714285725,4863.8,-68189,4.09,4.35,4.38
2023-12-26,4.65,4.75,4.49,4.55,7436,4.49953,4.414804803905148,-0.11199799650238607,42.29979441798886,0.14999999999999947,5.226082050803179,3.7729779491968203,0.295907142857143,5146.05,-75625,4.6,3.87,4.4
2023-12-27,4.55,4.6,4.3359,4.43,2768,4.468030000000001,4.416251965437991,-0.09721247907460384,40.55118087885175,0.20999999999999996,5.145219663551536,3.790840336448465,0.31477142857142865,5221.95,-78393,4.55,4.01,4.22
2023-12-28,4.55,4.83,4.45,4.65,9112,4.45053,4.438513683015325,-0.06697535346258654,52.74261572219554,0.41999999999999993,5.086682702952422,3.8143772970475767,0.33262857142857144,5612.95,-69281,4.43,4.0,4.23
2023-12-29,4.45,4.45,4.43,4.43,5544,4.42203,4.437702856061485,-0.060067625787660894,51.02040787172011,-0.0600000000000005,5.003233459619498,3.840826540380503,0.2990571428571429,5824.5,-74825,4.65,4.09,4.49
2024-01-03,4.275,4.28,4.275,4.28,559,4.39903,4.4226835364365815,-0.06593413047507202,47.674418345952766,-0.0699999999999994,4.963416120535063,3.8346438794649362,0.2844214285714286,5814.3,-75384,4.43,4.6,4.35
2024-01-04,4.255,4.3499,4.255,4.3499,646,4.384245,4.415751771061669,-0.06420407946446183,52.62966082156555,0.47989999999999977,4.936802805406617,3.831687194593383,0.2647714285714286,5753.1,-74738,4.28,4.55,3.87
2024-01-05,4.02,4.059,4.02,4.059,931,4.340945,4.381775411912939,-0.0853180963537774,46.891813052026535,0.04900000000000038,4.849014856262001,3.832875143737998,0.2521642857142858,5567.85,-75669,4.3499,4.43,4.01
2024-01-08,4.26,4.28,4.26,4.27,1373,4.308945,4.371130134587897,-0.08405920228626229,45.92863992782552,0.2699999999999996,4.741044099135451,3.8768459008645477,0.2457357142857144,5568.05,-74296,4.059,4.65,4.0
2024-01-11,4.06,4.13,4.06,4.13,721,4.289445,4.3481653598652406,-0.09328114451288361,45.928639927825536,0.040000000000000036,4.716612623822416,3.862277376177583,0.19859285714285724,5351.0,-75017,4.27,4.43,4.09
2024-01-16,4.1499,4.16,4.1499,4.155,1059,4.278195,4.329768658925694,-0.09744924600427485,56.34235321844716,-0.4449999999999994,4.707168523781185,3.849221476218815,0.15217142857142865,5158.65,-73958,4.13,4.28,4.6
2024-01-17,4.17,4.1906,3.97,4.0,5487,4.258195,4.29836211998039,-0.11196718294999997,49.77893682160001,-0.5499999999999998,4.700353068782484,3.8160369312175146,0.15968571428571438,5391.1,-79445,4.155,4.3499,4.55
2024-01-18,3.9,3.9,3.8,3.9,54527,4.242195000000001,4.260422870458449,-0.1300417546287136,47.87396858991599,-0.5299999999999998,4.712439650659279,3.7719503493407225,0.15812142857142866,8041.9,-133972,4.0,4.059,4.43
2024-01-19,3.8002,3.9899,3.8002,3.9399,8954,4.22769,4.229896882795739,-0.13953822022698592,46.73936627086453,-0.7101000000000002,4.717027532416593,3.7383524675834066,0.1488142857142858,8404.25,-125018,3.9,4.27,4.65
2024-01-22,3.95,4.0,3.94,3.99,13763,4.20269,4.207049560624716,-0.14139212606044538,33.440112678813364,-0.4399999999999995,4.6866611383303995,3.7187188616695996,0.12381428571428585,9050.15,-111255,3.9399,4.13,4.43
2024-01-23,3.86,4.1299,3.83,3.83,3924,4.17669,4.171140078660457,-0.15399546475516868,31.555487016202065,-0.4500000000000002,4.682708701131407,3.670671298868592,0.12666428571428587,8045.9,-115179,3.99,4.155,4.28
2024-01-24,4.12,4.12,3.89,3.89,863,4.17769,4.144364833073747,-0.1573290441667865,35.72787794682827,-0.45989999999999975,4.681229743479239,3.674150256520761,0.12422857142857158,7099.45,-114316,3.83,4.0,4.3499
2024-01-25,3.9,3.9,3.89,3.89,782,4.17169,4.120139610876247,-0.15814786977876683,27.270008145842738,-0.16900000000000004,4.6863792568898965,3.657000743110103,0.09780000000000014,6598.65,-114316,3.89,3.9,4.059
2024-01-26,3.995,3.995,3.995,3.995,285,4.17144,4.108221552697557,-0.14861175361186163,36.029033591722474,-0.27499999999999947,4.686485127915461,3.656394872084539,0.09637142857142868,6573.85,-114031,3.89,3.9399,4.27
2024-01-29,3.89,4.0101,3.89,3.96,7441,4.16494,4.094105214345409,-0.14223864841668288,38.90276006059185,-0.16999999999999993,4.687538557413341,3.642341442586658,0.10459285714285728,6556.2,-121472,3.995,3.99,4.13
2024-01-30,4.1,4.1,3.91,3.91,379,4.13044,4.0765713844077505,-0.1396128244787902,34.53126064882366,-0.2450000000000001,4.622306723069508,3.638573276930492,0.1113857142857144,6327.7,-121851,3.96,3.83,4.155
2024-01-31,4.1,4.1,3.91,3.91,562,4.09844,4.060707443035584,-0.13596451019577938,43.41290839276683,-0.08999999999999986,4.557561437438688,3.6393185625613125,0.1221714285714286,5984.0,-121851,3.91,3.89,4.0
2024-02-01,3.89,3.9,3.89,3.9,2916,4.07194,4.04540197227029,-0.13235434955362857,30.10752642848888,0.0,4.51123746497882,3.6326425350211786,0.12145714285714283,5991.4,-124767,3.91,3.89,3.9
2024-02-02,3.89,3.89,3.8,3.88,1484,4.033440000000001,4.029649403482644,-0.12961290305101825,34.567900637098035,-0.059900000000000286,4.385788018150681,3.681091981849321,0.12288571428571426,5610.0,-126251,3.9,3.995,3.9399
2024-02-06,3.85,3.9724,3.85,3.95,2997,4.00944,4.022063746008106,-0.12040421425218728,38.01169528401904,-0.040000000000000036,4.309577073246236,3.709302926753764,0.1309071428571428,5482.65,-123254,3.88,3.96,3.99
2024-02-07,3.992,3.992,3.992,3.992,349,3.9950400000000004,4.019200532102572,-0.10846703203437702,49.460915508823696,0.16199999999999992,4.266815831774674,3.7232641682253265,0.11514999999999996,5472.15,-122905,3.95,3.91,3.83
2024-02-08,3.9453,3.95,3.9,3.9,3100,3.972545,4.007848100473756,-0.10521714253902426,49.99999904632155,0.009999999999999787,4.189621978584906,3.7554680214150937,0.1115785714285714,5594.85,-126005,3.992,3.91,3.89
2024-02-09,3.9428,3.99,3.85,3.95,3576,3.9670949999999996,4.0023387575714935,-0.09748343359436928,50.67867126797286,0.06000000000000005,4.180474439398147,3.7537155606018526,0.10802857142857139,5727.1,-122429,3.9,3.9,3.89
2024-02-12,3.91,3.91,3.91,3.91,223,3.949095,3.993544590183732,-0.09350409288177763,44.55040786961075,-0.08499999999999996,4.108897265644876,3.789292734355124,0.10374285714285711,5669.6,-122652,3.95,3.88,3.995
2024-02-14,3.85,3.9023,3.85,3.9002,1567,3.937605,3.984654629213853,-0.09010253557085379,56.012331647528846,-0.059800000000000075,4.073966230406104,3.8012437695938956,0.0860571428571428,5711.9,-124219,3.91,3.95,3.96
2024-02-15,3.9,3.9,3.9,3.9,573,3.924855,3.9765922835744383,-0.08642663773704706,50.954197111910744,-0.010000000000000231,4.0157286885084424,3.833981311491558,0.06962857142857137,5687.6,-124792,3.9002,3.992,3.91
2024-02-16,3.9,4.08,3.9,4.015,3108,3.925605,3.980250161329254,-0.07338823175854792,59.78090635847775,0.10499999999999954,4.019293992219628,3.831916007780373,0.08177142857142854,5568.65,-121684,3.9,3.9,3.91
2024-02-20,3.99,4.0,3.92,3.92,6958,3.926605,3.9745120507264677,-0.06991475441648998,44.03815482268017,0.020000000000000018,4.019567391376824,3.8336426086231756,0.08748571428571426,3190.2,-128642,4.015,3.95,3.9
2024-02-21,3.85,3.85,3.85,3.85,708,3.92211,3.96265376018109,-0.07198051516613235,41.71686659030704,-0.029999999999999805,4.020878200720959,3.8233417992790413,0.07890714285714281,2777.9,-129350,3.92,3.91,3.88
2024-02-22,3.9,4.01,3.9,4.01,896,3.9231100000000003,3.967162925878129,-0.06001547378307803,56.45994729917406,0.05999999999999961,4.0251240320584065,3.821095967941594,0.07319285714285713,2134.55,-128454,3.85,3.9002,3.95
2024-02-23,4.11,4.1453,4.035,4.05,3555,3.9341099999999996,3.975052171032593,-0.0467664059607551,58.59950759165465,0.05799999999999983,4.0411704334991425,3.827049566500857,0.06749999999999999,2116.1,-124899,4.01,3.9,3.992
2024-02-26,4.05,4.05,3.8576,3.965,10365,3.9378599999999997,3.974094821410441,-0.04263361717679626,53.65579218089867,0.06499999999999995,4.043661649574113,3.8320583504258865,0.08052857142857141,2591.2,-135264,4.05,4.015,3.9
2024-02-28,3.87,3.88,3.87,3.88,692,3.9373599999999995,3.965133409847542,-0.0456903183667281,49.99999926624739,-0.07000000000000028,4.044203365924502,3.8305166340754973,0.07481428571428565,2586.7,-135956,3.965,3.92,3.95
2024-02-29,4.0,4.0,3.9,3.9399,659,3.934605,3.9627302279573,-0.042786218640118445,49.46498496396887,0.029900000000000038,4.03797549309197,3.83123450690803,0.07321428571428568,2605.4,-135297,3.88,3.85,3.91
2024-03-01,3.9399,3.94,3.92,3.923,5258,3.9327549999999993,3.958946396723271,-0.041371459455759485,46.24510160270851,0.022800000000000153,4.035534528475547,3.8299754715244516,0.07464285714285711,2496.25,-140555,3.9399,4.01,3.9002
2024-03-05,4.0418,4.05,3.985,4.01,2304,3.937755,3.9638086446543883,-0.03285149542066135,56.01882164120868,0.10999999999999988,4.045483947876131,3.830026052123869,0.07571428571428565,2592.5,-138251,3.923,4.05,3.9
2024-03-06,3.9,3.9001,3.9,3.9001,4747,3.9372599999999998,3.957741154687304,-0.03456876063317571,47.43760843778728,-0.11489999999999956,4.045615077115998,3.8289049228840017,0.06572142857142851,2801.75,-142998,4.01,3.965,4.015
2024-03-07,3.93,4.11,3.87,3.87,4958,3.9357599999999997,3.949384854240894,-0.03792135711685285,47.92487998449022,-0.04999999999999982,4.047077003949948,3.8244429960500512,0.08286428571428568,2903.85,-147956,3.9001,3.88,3.92
2024-03-11,3.9301,3.9936,3.93,3.93,1481,3.9382599999999996,3.947538677646523,-0.03532961559447001,51.4694272972663,0.08000000000000007,4.046507774256798,3.8300122257432014,0.08367142857142852,2903.7,-146475,3.87,3.9399,3.85
2024-03-12,4.0,4.1,3.9415,4.1,7008,3.94576,3.9620588035849496,-0.019335331921603416,58.4473721758209,0.08999999999999986,4.075986933910622,3.815533066089378,0.09499285714285707,3104.25,-139467,3.93,3.923,4.01
2024-03-13,3.91,4.1,3.91,3.94,4563,3.9431599999999998,3.9599579651482877,-0.01934725243897928,46.948241652607926,-0.10999999999999988,4.0715634333037185,3.814756566696281,0.09570714285714274,3314.95,-144030,4.1,4.01,4.05
2024-03-14,3.92,3.92,3.92,3.92,1074,3.94416,3.9561524446579743,-0.020731536103038906,49.999999393309075,-0.04499999999999993,4.071454890127623,3.8168651098723774,0.08999285714285701,3213.65,-145104,3.94,3.9001,3.965
2024-03-15,3.9,3.9,3.85,3.9,5856,3.94166,3.9508045927857864,-0.023175258771583884,52.26490239924929,0.020000000000000018,4.070427393715112,3.812892606284889,0.09356428571428557,3327.65,-150960,3.92,3.87,3.88
2024-03-18,3.83,3.85,3.8,3.8,27644,3.93616,3.9364422506157113,-0.032802891722407246,39.94060111212069,-0.13990000000000036,4.079224319726895,3.7930956802731055,0.08927857142857132,4698.7,-178604,3.9,3.93,3.9399
2024-03-19,3.8,3.82,3.79,3.79,1570,3.93065,3.9224953696046914,-0.04076980027630839,37.1769574664851,-0.133,4.087381463270522,3.7739185367294783,0.08354285714285704,4698.85,-180174,3.8,4.1,3.923
2024-03-20,3.8266,3.8266,3.79,3.79,1674,3.92515,3.909876762975673,-0.04654706596580649,40.57924142107086,-0.21999999999999975,4.093685843446689,3.75661415655331,0.07241428571428564,4753.9,-180174,3.79,3.94,4.01
2024-03-21,3.79,3.8038,3.79,3.8038,9359,3.9145899999999996,3.899774214120847,-0.04944211445296265,45.557368659278026,-0.09630000000000027,4.085865769017694,3.7433142309823055,0.07268571428571421,5066.45,-170815,3.79,3.92,3.9001
2024-03-22,3.8558,3.88,3.81,3.88,3563,3.9125899999999993,3.8978909556331476,-0.04506827594633345,46.572833674310914,0.009999999999999787,4.084532645271987,3.740647354728011,0.07054285714285705,4896.7,-167252,3.8038,3.9,3.87
2024-03-25,3.81,3.8499,3.81,3.84,1499,3.91209,3.8923775312871336,-0.044318745681040994,45.37346640442748,-0.0900000000000003,4.0848551877700885,3.739324812229911,0.0719642857142856,4936.25,-168751,3.88,3.8,3.93
2024-03-26,3.81,3.81,3.79,3.79,1533,3.90109,3.8826272902121683,-0.047215032588333816,37.20930171984857,-0.3099999999999996,4.075612927463691,3.7265670725363087,0.0687499999999999,4968.1,-170284,3.84,3.79,4.1
2024-03-27,3.81,3.81,3.81,3.81,154,3.8890900000000004,3.875710405430057,-0.04735070578462741,44.1501095726509,-0.1299999999999999,4.0531951639713855,3.724984836028615,0.06874285714285702,4798.05,-170130,3.79,3.79,3.94
2024-03-28,3.81,3.82,3.79,3.82,2591,3.8818399999999995,3.870404652531956,-0.04611967565713737,46.666665795555545,-0.10000000000000009,4.044631276114284,3.7190487238857153,0.053742857142856995,4409.35,-167539,3.81,3.8038,3.92
2024-04-01,3.8068,3.82,3.79,3.795,14709,3.87759,3.8632232570527223,-0.04662390638967029,40.55943976526967,-0.10499999999999998,4.044957416812521,3.7102225831874796,0.05134285714285701,5110.2,-182248,3.82,3.88,3.9
2024-04-02,3.79,3.88,3.79,3.88,2198,3.8745950000000002,3.86482104209532,-0.03970703142788601,32.539681816578494,0.08000000000000007,4.039391633524542,3.709798366475458,0.04644999999999988,5187.15,-180050,3.795,3.84,3.8
2024-04-04,3.88,3.9,3.82,3.82,3793,3.8694450000000002,3.8605523714195753,-0.03862163328375612,38.67924426130296,0.029999999999999805,4.034310041776507,3.7045799582234933,0.03859285714285706,5113.9,-183843,3.88,3.79,3.79
2024-04-05,3.84,3.84,3.8,3.8,619,3.858945,3.854785478903425,-0.03892655366410391,38.67924426130296,0.009999999999999787,4.012478256812123,3.7054117431878764,0.041449999999999924,5029.65,-184462,3.82,3.81,3.79
2024-04-08,3.863,3.863,3.8,3.8,1342,3.85394,3.849567814245956,-0.038721843717615556,40.196077327950796,-0.0038000000000000256,4.008348186311377,3.699531813688623,0.04237857142857138,4859.4,-184462,3.8,3.82,3.8038
2024-04-09,3.8,3.8,3.79,3.8,4736,3.85044,3.8448470700320554,-0.03812018366139425,49.99999829268299,-0.08000000000000007,4.006480189155063,3.694399810844937,0.039521428571428485,4848.3,-184462,3.8,3.795,3.88
2024-04-10,3.7975,3.7975,3.79,3.79,5112,3.84344,3.839623539552812,-0.038012098062131905,49.99999829268299,-0.04999999999999982,3.996993534638473,3.6898864653615275,0.03791428571428563,5029.85,-189574,3.8,3.88,3.84
2024-04-11,3.79,3.79,3.79,3.79,2090,3.8279399999999995,3.8348974881668303,-0.03749422914071987,49.99999829268299,0.0,3.9244327791133657,3.731447220886633,0.03529999999999992,4783.95,-189574,3.79,3.82,3.79
2024-04-12,3.8338,3.84,3.8338,3.84,392,3.82294,3.835383441674751,-0.03267261156909873,54.05647522010163,0.029999999999999805,3.9041344618280522,3.7417455381719478,0.03475714285714277,4575.4,-189182,3.79,3.8,3.81
2024-04-15,3.8,3.8,3.8,3.8,226,3.8169399999999998,3.8320135900866794,-0.031713530023356196,40.243901064842376,-0.020000000000000018,3.884530357455931,3.7493496425440687,0.029757142857142784,4533.0,-189408,3.84,3.8,3.82
2024-04-16,3.851,3.851,3.851,3.851,230,3.8144899999999993,3.8338218196022336,-0.026532336801032397,51.306411595511264,0.05600000000000005,3.8722394369985715,3.756740563001427,0.026907142857142796,4251.7,-189178,3.8,3.8,3.795
2024-04-17,3.7901,3.845,3.7901,3.845,2702,3.8167400000000002,3.8348864082115446,-0.022649266198677243,57.29442758057832,-0.0349999999999997,3.8756080737346745,3.757871926265326,0.029399999999999964,3004.6,-191880,3.851,3.79,3.88
2024-04-22,3.8,3.8,3.8,3.8,668,3.8172400000000004,3.8315638931437785,-0.022938600763430017,48.75621720749489,-0.020000000000000018,3.875316334522307,3.759163665477694,0.029399999999999964,2959.5,-192548,3.845,3.79,3.82
2024-04-24,3.8039,3.8039,3.79,3.8038,1814,3.8179299999999996,3.828919712844371,-0.022600745324182103,47.95351017850141,0.0038000000000000256,3.874962182973342,3.7608978170266574,0.02824999999999998,2966.5,-190734,3.8,3.84,3.8
2024-04-25,3.81,3.9,3.8,3.9,530,3.8227400000000005,3.83568926400205,-0.01440442218117477,61.24196818546562,0.10000000000000009,3.8900543263078817,3.755425673692119,0.03325,2525.05,-190204,3.8038,3.8,3.8
2024-04-29,3.8,3.8,3.79,3.79,2995,3.8182400000000003,3.8313379055256642,-0.01659356584366911,40.853657374082935,-0.009999999999999787,3.8813380656970153,3.7551419343029853,0.02753571428571428,2496.65,-193199,3.9,3.851,3.8
2024-04-30,3.79,3.89,3.79,3.89,3493,3.82074,3.836924771666077,-0.01014240808938327,56.57894587950145,0.10000000000000009,3.8910213713430717,3.750458628656928,0.028964285714285713,2596.35,-189706,3.79,3.845,3.79
2024-05-01,3.79,3.899,3.53,3.899,43317,3.8261899999999995,3.84283669817407,-0.004254551359375025,59.50095809402418,0.10899999999999999,3.903033132076566,3.749346867923433,0.05246428571428573,4685.55,-146389,3.89,3.8,3.79
2024-05-02,3.82,3.82,3.63,3.63,11987,3.817189999999999,3.822566536443206,-0.021051740405568786,39.240505633712566,-0.20999999999999996,3.9338600412543148,3.7005199587456836,0.061535714285714284,5277.2,-158376,3.899,3.8038,3.84
2024-05-03,3.57,3.74,3.57,3.74,474,3.81319,3.814703056781948,-0.02519710487790716,46.66666594074077,-0.05999999999999961,3.934833930776281,3.691546069223719,0.07296428571428575,5171.35,-157902,3.63,3.9,3.8
2024-05-06,3.5801,3.5801,3.58,3.58,1192,3.80244,3.792350384707477,-0.04092127232917209,39.99999946666668,-0.2709999999999999,3.9627176328091815,3.642162367190818,0.07243571428571431,4495.5,-159094,3.74,3.79,3.851
2024-05-07,3.5701,3.63,3.46,3.46,9022,3.78144,3.760697967116289,-0.0623470789056042,35.89743546789394,-0.38500000000000023,3.998817657303376,3.564062342696624,0.08457857142857146,4836.7,-168116,3.58,3.89,3.845
2024-05-08,3.73,3.73,3.662,3.662,851,3.7735399999999997,3.7512981607242613,-0.062309223463686614,43.2677756386166,-0.1379999999999999,3.9964314335676936,3.5506485664323058,0.08899285714285719,4689.6,-167265,3.46,3.899,3.8
2024-05-10,3.6,3.6,3.47,3.47,637,3.75704,3.724507859702903,-0.07688571638051966,38.805969780676016,-0.33379999999999965,4.017393689794172,3.4966863102058277,0.09827857142857147,4690.5,-167902,3.662,3.63,3.8038
2024-05-13,3.5083,3.5083,3.5083,3.5083,361,3.7424550000000005,3.703916634969293,-0.08437458625024918,38.27413909817428,-0.3916999999999997,4.024457534329724,3.4604524656702766,0.09827857142857147,4641.45,-167541,3.47,3.74,3.9
2024-05-14,3.67,3.67,3.67,3.67,715,3.7359549999999997,3.7006864792579317,-0.07638126310317706,44.58874420269484,-0.1200000000000001,4.018365335840315,3.4535446641596845,0.09435714285714288,4440.4,-166826,3.5083,3.58,3.79
2024-05-15,3.6,3.7204,3.6,3.6013,1168,3.72652,3.691221100280986,-0.07472858500066382,43.94465739304859,-0.28869999999999996,4.013892786317276,3.439147213682723,0.10295714285714287,4243.2,-167994,3.67,3.46,3.89
2024-05-16,3.59,3.59,3.46,3.46,1414,3.71002,3.6692000431113683,-0.08385393284876219,40.3329206137325,-0.43900000000000006,4.019119885746318,3.4009201142536827,0.11125,4209.4,-169408,3.6013,3.662,3.899
2024-05-17,3.48,3.48,3.48,3.48,266,3.6920200000000003,3.651180991386476,-0.0884523805843358,37.661574308306676,-0.1499999999999999,4.011019228509159,3.373020771490841,0.10410714285714286,4203.1,-169142,3.46,3.47,3.63
2024-05-20,3.46,3.46,3.46,3.46,399,3.67502,3.6329732779210975,-0.09264258947660631,39.7642676447272,-0.28000000000000025,4.005810444716522,3.344229555283478,0.10339285714285716,4211.75,-169541,3.48,3.5083,3.74
2024-05-21,3.6116,3.6547,3.6,3.6547,649,3.6652050000000003,3.6350424895476596,-0.07933814307983722,43.1065795960086,0.07469999999999999,3.9854921308849156,3.344917869115085,0.10015714285714286,4232.7,-168892,3.46,3.67,3.58
2024-05-23,3.47,3.47,3.47,3.47,453,3.6464550000000004,3.619324157209787,-0.08274419061033056,38.604972088573305,0.010000000000000231,3.9663302288001754,3.3265797711998255,0.07379999999999999,4120.25,-169345,3.6547,3.6013,3.46
2024-05-24,3.46,3.464,3.39,3.39,15460,3.625955,3.5974837612850457,-0.09085155667676714,42.91366446156178,-0.2719999999999998,3.956762264446369,3.2951477355536305,0.0655142857142857,4859.85,-184805,3.47,3.46,3.662
2024-05-28,3.39,3.399,3.3872,3.3872,1118,3.605125,3.5774567364007557,-0.09639149794948221,38.87908173981392,-0.0828000000000002,3.9412033735348917,3.2690466264651086,0.05421428571428567,4825.05,-185923,3.39,3.48,3.47
2024-05-29,3.35,3.35,3.35,3.35,639,3.577625,3.5557941900768744,-0.1026009495614999,42.14158767938894,-0.1583000000000001,3.90191164951335,3.2533383504866498,0.054207142857142836,4830.5,-186562,3.3872,3.46,3.5083
2024-05-30,3.3057,3.4,3.3057,3.4,2821,3.5581250000000004,3.540956648164791,-0.10230806000208936,47.84699248610744,-0.27,3.8754696399835336,3.2407803600164673,0.04879999999999999,4821.8,-183741,3.35,3.6547,3.67
2024-05-31,3.36,3.36,3.33,3.33,1017,3.5301250000000004,3.5208655388157633,-0.1064967283847249,36.84001861759929,-0.2713000000000001,3.8219725440145598,3.238277455985441,0.04608571428571425,4698.0,-184758,3.4,3.47,3.6013
2024-06-03,3.26,3.26,3.23,3.23,1168,3.4966749999999998,3.4931640589285475,-0.11654201668788344,39.738326871612294,-0.22999999999999998,3.7627218488620655,3.230628151137934,0.038942857142857105,2590.55,-185926,3.33,3.39,3.46
2024-06-04,3.35,3.35,3.32,3.32,664,3.4811750000000004,3.4766722437924953,-0.11590465701716646,42.28973827527937,-0.16000000000000014,3.750616096970754,3.2117339030292467,0.04108571428571427,2024.4,-185262,3.23,3.3872,3.48
2024-06-05,3.38,3.4,3.3,3.35,14952,3.4616749999999996,3.464608220574162,-0.11169128841709952,35.313015885457844,-0.10999999999999988,3.70767645378253,3.2156735462174693,0.04822857142857141,2748.3,-170310,3.32,3.35,3.46
2024-06-06,3.325,3.325,3.21,3.295,8183,3.447425,3.4484550567099563,-0.11150484447041586,35.76275866814295,-0.35970000000000013,3.6975503990763796,3.1972996009236203,0.04784285714285714,3097.85,-178493,3.35,3.4,3.6547
2024-06-07,3.29,3.29,3.29,3.29,453,3.4389250000000002,3.4333640989280556,-0.11048691996642823,40.95167066923208,-0.18000000000000016,3.6986221505426276,3.179227849457373,0.03855714285714286,2669.4,-178946,3.295,3.33,3.47
2024-06-10,3.23,3.35,3.22,3.35,1000,3.4233249999999997,3.4254246609349073,-0.103643966538149,43.36328302319179,-0.040000000000000036,3.6633383318664694,3.18331166813353,0.04784285714285714,2676.85,-177946,3.29,3.23,3.39
2024-06-11,3.29,3.38,3.21,3.38,4422,3.4188249999999996,3.42109850275063,-0.09470838836855,45.95714509460275,-0.007200000000000095,3.658528280393779,3.1791217196062203,0.059985714285714274,2866.1,-173524,3.35,3.32,3.3872
2024-06-12,3.3,3.3,3.21,3.29,2449,3.4079099999999998,3.408612931060094,-0.09380776754305487,29.388492809495986,-0.06000000000000005,3.6503238514367125,3.165496148563287,0.06250714285714284,2970.5,-175973,3.38,3.35,3.35
2024-06-13,3.21,3.38,3.21,3.38,1177,3.3934100000000003,3.4058878900067517,-0.08485363228482345,44.30379668322383,-0.020000000000000018,3.602172800678971,3.1846471993210295,0.07464999999999998,2993.6,-174796,3.29,3.295,3.4
2024-06-18,3.27,3.33,3.16,3.16,5023,3.3713450000000003,3.3824699957203945,-0.09442114660713274,37.634408035611045,-0.16999999999999993,3.5808751759449886,3.161814824055012,0.08150714285714285,3186.35,-179819,3.38,3.29,3.33
2024-06-20,3.15,3.38,3.15,3.23,7542,3.359845,3.3679490437470236,-0.0952569929345577,42.11792961326612,0.0,3.5740816863761484,3.1456083136238515,0.09709285714285712,3492.75,-172277,3.16,3.35,3.23
2024-06-21,3.21,3.21,3.21,3.21,1674,3.3463450000000003,3.3529062776758787,-0.09642174992456587,42.85714224489796,-0.10999999999999988,3.562718823448315,3.1299711765516856,0.09709285714285712,3563.15,-173951,3.23,3.38,3.32
2024-06-24,3.1732,3.1732,3.12,3.12,6276,3.329345,3.330724727421033,-0.10341497193085214,36.274509306036144,-0.22999999999999998,3.561006436038298,3.097683563961702,0.09415714285714283,3857.0,-180227,3.21,3.29,3.35
2024-06-25,3.2,3.34,3.19,3.19,8758,3.3061100000000003,3.3173223724285537,-0.1021314287114592,43.13725430988081,-0.10499999999999998,3.4883083869590616,3.123911613040939,0.1027285714285714,4262.45,-171469,3.12,3.38,3.295
2024-06-27,3.1982,3.1982,3.15,3.15,6312,3.29011,3.301386908387739,-0.10315279567026403,45.833332664930566,-0.14000000000000012,3.467857661469432,3.1123623385305677,0.10402857142857143,4555.4,-177781,3.19,3.16,3.29
2024-06-28,3.125,3.16,3.125,3.16,5193,3.2786099999999996,3.2879214885412877,-0.10197976076120607,40.90909025826449,-0.18999999999999995,3.458889431059438,3.098330568940561,0.10438571428571428,4042.05,-172588,3.15,3.23,3.35
2024-07-01,3.17,3.1987,3.13,3.16,2969,3.2672499999999998,3.2757384896325936,-0.09989855378846402,38.82352877231834,-0.21999999999999975,3.4473515795247924,3.087148420475207,0.10214999999999999,4134.6,-172588,3.16,3.21,3.38
2024-07-02,3.13,3.15,3.1,3.1,4805,3.25475,3.2590014906199656,-0.10191585793038183,38.596490596080855,-0.18999999999999995,3.445081428386211,3.064418571613789,0.09750714285714282,4342.9,-177393,3.16,3.12,3.29
2024-07-05,3.1315,3.1587,3.075,3.075,3129,3.2384999999999997,3.24147753913235,-0.10432923445602649,37.71428511085715,-0.3049999999999997,3.4320839271273864,3.044916072872613,0.10348571428571425,4358.3,-180522,3.1,3.19,3.38
2024-07-08,3.048,3.06,3.048,3.06,1104,3.225,3.224193963976888,-0.10622770049279584,32.530119933226885,-0.10000000000000009,3.429089763532871,3.020910236467129,0.09505714285714283,4362.65,-181626,3.075,3.15,3.16
2024-07-09,3.09,3.09,3.04,3.045,2279,3.21575,3.2071278721695653,-0.10770111169624474,29.447852254883514,-0.18500000000000005,3.435085719605112,2.996414280394888,0.08648571428571425,4418.2,-183905,3.06,3.16,3.23
2024-07-10,3.04,3.1499,3.04,3.14,2322,3.2067500000000004,3.2007347414867495,-0.10004978337223713,40.8536578390839,-0.06999999999999984,3.4228219909268978,2.990678009073103,0.08790714285714284,4501.1,-181583,3.045,3.16,3.21
2024-07-11,3.1,3.2,3.1,3.15,1960,3.1967499999999998,3.1959028613451546,-0.09211726368043616,34.459458807523745,0.029999999999999805,3.4032056789443583,2.990294321055641,0.08290714285714285,3851.5,-179623,3.14,3.1,3.12
2024-07-12,3.38,3.38,3.3,3.3,1763,3.197,3.205816874550378,-0.07288674573641352,60.44775993094231,0.10999999999999988,3.403968088056201,2.9900319119437992,0.07647857142857142,3530.5,-177860,3.15,3.075,3.19
2024-07-15,3.38,3.38,3.38,3.38,246,3.2015000000000002,3.222405743640818,-0.05060771630238836,61.02941050821801,0.22999999999999998,3.4205433746999785,2.982456625300022,0.06005,3520.15,-177614,3.3,3.06,3.15
2024-07-16,3.38,3.38,3.26,3.32,1578,3.2,3.231700434722645,-0.03736223477187517,57.63888776813273,0.1599999999999997,3.4151376548312053,2.984862345168795,0.06862142857142858,3549.05,-179192,3.38,3.045,3.16
2024-07-17,3.2,3.35,3.2,3.3,14577,3.196,3.23820515522525,-0.0281543818444554,63.846152471005915,0.13999999999999968,3.3997180714407387,2.9922819285592617,0.07553571428571429,4056.8,-193769,3.32,3.14,3.16
2024-07-18,3.3,3.31,3.28,3.29,5065,3.196,3.2431379975847503,-0.021417125176514062,58.47457488365416,0.18999999999999995,3.3997180714407387,2.9922819285592617,0.06696428571428574,4187.6,-198834,3.3,3.15,3.1
2024-07-19,3.39,3.4,3.27,3.27,14190,3.1904999999999997,3.24569628352906,-0.017490019479091234,60.52631430286246,0.19499999999999984,3.3786460798644917,3.0023539201355076,0.07280714285714288,4838.25,-213024,3.29,3.3,3.075
2024-07-22,3.27,3.4,3.2607,3.4,1495,3.2024999999999997,3.2603918755739114,-0.0038435407035932734,67.3913029804663,0.33999999999999986,3.4118724960571902,2.993127503942809,0.08025714285714287,4661.85,-211529,3.27,3.38,3.06
2024-07-24,3.4,3.4,3.27,3.27,276,3.2045000000000003,3.261306935043063,-0.003478424144039316,56.70731610499704,0.2250000000000001,3.415734466884444,2.9932655331155567,0.08463571428571427,4298.55,-211805,3.4,3.32,3.045
2024-07-25,3.4,3.4,3.4,3.4,187,3.214,3.274515798372295,0.00721764613946263,66.85393153263479,0.2599999999999998,3.442648201392347,2.985351798607653,0.08106428571428571,4224.2,-211618,3.27,3.3,3.14
2024-07-26,3.37,3.4,3.32,3.33,12080,3.2245,3.279800008051124,0.009931460335717457,63.63636268351971,0.18000000000000016,3.4542573090297393,2.9947426909702606,0.08080000000000001,4514.4,-223698,3.4,3.29,3.15
2024-07-29,3.4,3.4,3.4,3.4,1363,3.2350000000000003,3.291247626331969,0.01752853448084757,67.17171622181412,0.10000000000000009,3.4769873854910585,2.993012614508942,0.07994285714285716,4144.65,-222335,3.33,3.27,3.3
2024-07-30,3.38,3.45,3.3717,3.45,15299,3.25,3.306366900014639,0.027269506636356855,69.75609660820943,0.07000000000000028,3.5065561393370563,2.9934438606629437,0.08196428571428574,4594.0,-207036,3.4,3.4,3.38
2024-07-31,3.49,3.5,3.39,3.5,1807,3.2670000000000003,3.3248081476322926,0.03857916274025497,68.36734596209915,0.18000000000000016,3.5427840497657903,2.9912159502342104,0.08197142857142858,4424.7,-205229,3.45,3.27,3.32
2024-08-01,3.5,3.5,3.4012,3.4477,1108,3.281385,3.336512133572074,0.04282827612710527,64.56030431004183,0.1477000000000004,3.5636073555991925,2.999162644400808,0.08188571428571431,4331.65,-206337,3.5,3.4,3.3
2024-08-02,3.41,3.48,3.33,3.34,2270,3.293385,3.336844311327115,0.037077829171378696,52.04081558309039,0.04999999999999982,3.5632739149650456,3.023496085034954,0.0868857142857143,4204.9,-208607,3.4477,3.33,3.29
2024-08-05,3.27,3.33,3.265,3.33,2487,3.306135,3.3361924721531038,0.031352233086129555,47.25274652578193,0.06000000000000005,3.5559296632525026,3.056340336747497,0.09152857142857143,4172.8,-211094,3.34,3.4,3.27
2024-08-06,3.25,3.38,3.25,3.3001,4513,3.3181399999999996,3.3327550938528083,0.02412389164531481,48.86918890309281,-0.09989999999999988,3.539598851114151,3.0966811488858483,0.09224285714285714,4343.25,-215607,3.33,3.45,3.4
2024-08-07,3.33,3.33,3.33,3.33,592,3.33239,3.332492703962065,0.020570930186603498,51.68577127039697,0.06000000000000005,3.512701460359014,3.1520785396409865,0.08152857142857142,4258.9,-215015,3.3001,3.5,3.27
2024-08-08,3.3,3.42,3.3,3.42,17220,3.3463900000000004,3.3408267321561538,0.02473233147474474,56.7024120500786,0.020000000000000018,3.506109924604753,3.1866700753952477,0.08795714285714284,5003.8,-197795,3.33,3.4477,3.4
2024-08-09,3.31,3.4,3.3,3.4,2283,3.35889,3.3464622814746154,0.02611539709692634,56.7024120500786,0.06999999999999984,3.4905631663506305,3.22721683364937,0.08581428571428572,5019.95,-200078,3.42,3.34,3.33
2024-08-12,3.405,3.4799,3.4,3.4,3328,3.36389,3.3515611118103665,0.026901384155382235,49.99999916646822,0.0,3.4937292998649965,3.2340507001350036,0.0815714285714286,5098.2,-200078,3.4,3.33,3.4
2024-08-13,3.3867,3.3867,3.3867,3.3867,398,3.3642250000000002,3.3549076725903317,0.026149648848638574,58.069422191990164,-0.06330000000000036,3.494273717592013,3.2341762824079874,0.07228571428571431,5105.8,-200476,3.4,3.3001,3.45
2024-08-15,3.33,3.33,3.265,3.3,1464,3.363225,3.3496783704388715,0.01834644147976805,42.644894679275474,-0.20000000000000018,3.4950016671302575,3.2314483328697423,0.07692857142857146,5100.1,-201940,3.3867,3.33,3.5
2024-08-16,3.31,3.31,3.31,3.31,641,3.363725,3.345899478016122,0.012821462009085849,48.38657522198765,-0.13770000000000016,3.494564135864018,3.2328858641359823,0.07121428571428574,4403.3,-201299,3.3,3.42,3.4477
2024-08-19,3.32,3.32,3.32,3.32,128,3.365225,3.3434328610622055,0.009144381655189715,42.85458985358296,-0.020000000000000018,3.493160985226004,3.2372890147739963,0.07121428571428574,4156.45,-201171,3.31,3.4,3.34
2024-08-20,3.3001,3.3001,3.3001,3.3001,181,3.3667300000000004,3.3393059219134242,0.004571804388667999,35.850480457038444,-0.029900000000000038,3.4905926930790745,3.2428673069209264,0.0656214285714286,3456.0,-201352,3.32,3.4,3.33
2024-08-22,3.31,3.31,3.31,3.31,1460,3.3622299999999994,3.336514881731193,0.0017269440829235094,30.59640435386099,0.00990000000000002,3.487534464573549,3.2369255354264497,0.05776428571428575,3454.25,-199892,3.3001,3.3867,3.3001
2024-08-23,3.1603,3.235,3.1603,3.235,1207,3.36048,3.3268467977567937,-0.0065045213003847024,29.240678490397215,-0.0950000000000002,3.4920299440875304,3.2289300559124694,0.05604285714285716,3500.8,-201099,3.31,3.3,3.33
2024-08-26,3.25,3.25,3.25,3.25,279,3.35298,3.3195280551132895,-0.011682968300530838,39.27549916621311,-0.16999999999999993,3.491938223180322,3.214021776819678,0.04532857142857145,3505.4,-200820,3.235,3.31,3.42
2024-08-27,3.375,3.375,3.375,3.375,326,3.3552299999999997,3.3248110974834524,-0.005635506953487912,54.208752789146004,-0.02499999999999991,3.494078756793557,3.2163812432064423,0.04068571428571431,2917.7,-200494,3.25,3.32,3.4
2024-08-28,3.14,3.14,3.14,3.14,405,3.34223,3.3072100405802667,-0.019579683805059034,39.17804441193373,-0.2599999999999998,3.50925646622919,3.1752035337708095,0.03140000000000003,2869.8,-200899,3.375,3.3001,3.4
2024-08-29,3.15,3.15,3.0,3.0,2020,3.31973,3.2779519414773843,-0.04144956951409995,30.583666241266968,-0.3866999999999998,3.5387694062118547,3.100690593788145,0.042114285714285736,2205.85,-202919,3.14,3.31,3.3867
2024-08-30,2.93,3.2,2.93,2.9708,1849,3.2932700000000006,3.248699375622395,-0.06044108030809392,21.533586436666425,-0.3291999999999997,3.545897865279638,3.0406421347203634,0.05282857142857145,2207.95,-204768,3.0,3.235,3.3
2024-09-03,2.84,3.05,2.84,2.87,9670,3.264385,3.2126327684202622,-0.08267270748074251,19.53322571457214,-0.43999999999999995,3.569351257149797,2.9594187428502026,0.060685714285714294,2636.05,-214438,2.9708,3.25,3.31
2024-09-04,2.87,2.92,2.84,2.89,8698,3.241885,3.181905838094523,-0.0975530682893968,21.341874242766664,-0.4299999999999997,3.587105748751254,2.8966642512487457,0.06069285714285714,2957.45,-205740,2.87,3.375,3.32
2024-09-05,2.83,2.875,2.83,2.875,3708,3.219135,3.1526767106569493,-0.10929633594673849,21.301177455730254,-0.42510000000000003,3.5982146570920257,2.8400553429079745,0.06390714285714284,3018.5,-209448,2.89,3.14,3.3001
2024-09-06,2.87,2.87,2.87,2.87,659,3.1976299999999998,3.1257551191658113,-0.11765021988214697,23.450234220420754,-0.43999999999999995,3.605105463129482,2.7901545368705176,0.05926428571428571,2825.8,-210107,2.875,3.0,3.31
2024-09-09,2.79,2.79,2.71,2.71,771,3.16663,3.086159393530972,-0.13561807512932367,18.7434879533144,-0.5249999999999999,3.623095460041042,2.7101645399589582,0.06497857142857143,2834.75,-210878,2.87,2.9708,3.235
2024-09-10,2.71,2.71,2.71,2.71,2351,3.1311299999999997,3.0503346893851653,-0.14814994946584203,17.88797615241981,-0.54,3.614282586119165,2.6479774138808345,0.06497857142857143,2091.3,-210878,2.71,2.87,3.25
2024-09-11,2.9,2.9,2.72,2.84,1329,3.1031299999999997,3.030302814205626,-0.14590968066766452,28.295121807593446,-0.5350000000000001,3.585581765137369,2.6206782348626305,0.07783571428571426,2043.6,-209549,2.71,2.89,3.375
2024-09-12,2.71,2.9,2.71,2.775,1054,3.0718799999999997,3.0059882604717565,-0.14767688110702704,26.008968283295474,-0.3650000000000002,3.554333128784171,2.5894268712158284,0.09140714285714283,1929.9,-210603,2.84,2.875,3.14
2024-09-13,2.73,2.74,2.73,2.74,710,3.039545,2.980656045188732,-0.15017053522240253,26.97674383472149,-0.2599999999999998,3.5198380047595985,2.5592519952404014,0.08678571428571427,1945.5,-211313,2.775,2.87,3.0
2024-09-16,2.71,2.86,2.65,2.7,11107,3.009545,2.9539268980279005,-0.15360379088862786,24.999999681818196,-0.27079999999999993,3.49625046794367,2.5228395320563304,0.10178571428571427,2427.65,-222420,2.74,2.71,2.9708
2024-09-17,2.69,2.7,2.6,2.61,4171,2.974545,2.921171955358577,-0.16172268017836355,14.084506857105069,-0.26000000000000023,3.4708584640844724,2.4782315359155276,0.10892857142857142,2604.15,-226591,2.7,2.71,2.87
2024-09-18,2.62,2.755,2.62,2.62,4566,2.939545,2.8924889119910935,-0.16544291902214203,19.047618730158746,-0.27,3.431996762959637,2.4470932370403626,0.11857142857142855,2826.05,-222025,2.61,2.84,2.89
2024-09-19,2.55,2.7145,2.55,2.64,1865,2.90654,2.8684423489443227,-0.16487680508059377,24.999999513888923,-0.23499999999999988,3.3855427377132528,2.4275372622867475,0.11960714285714287,2910.25,-220160,2.62,2.775,2.875
2024-09-20,2.68,2.72,2.51,2.72,6616,2.87704,2.8543049823781965,-0.15617256419256176,33.73118776305576,-0.1499999999999999,3.3229499290687006,2.4311300709312995,0.1153214285714286,3168.05,-213544,2.64,2.74,2.87
2024-09-23,2.7059,2.7299,2.53,2.6,1946,2.84529,2.8300854602469396,-0.1571459074838084,32.91139182182344,-0.10999999999999988,3.273978074060911,2.416601925939089,0.11460000000000006,3205.0,-215490,2.72,2.7,2.71
2024-09-24,2.61,2.67,2.61,2.61,4157,2.81329,2.8091249402234215,-0.15531994103177293,32.05128147600263,-0.10000000000000009,3.2090611082244513,2.4175188917755484,0.11317142857142863,3398.9,-211333,2.6,2.61,2.71
2024-09-25,2.72,2.72,2.53,2.53,1793,2.77104,2.7825416125830955,-0.15850107909259892,29.585798326389124,-0.31000000000000005,3.0866176684780657,2.4554623315219346,0.12352857142857153,3472.25,-213126,2.61,2.62,2.84
2024-09-26,2.69,2.7,2.52,2.7,9010,2.74904,2.7746805066228006,-0.1456258900738936,41.584157839427526,-0.07499999999999973,3.0135292627408705,2.4845507372591293,0.1363857142857144,3902.5,-204116,2.53,2.64,2.775
2024-09-27,2.6,2.733,2.6,2.733,1067,2.73569,2.7707109345634864,-0.13124645833677606,51.30237744254442,-0.007000000000000117,2.9723314645339824,2.4990485354660175,0.14017142857142867,3854.85,-203049,2.7,2.72,2.74
2024-09-30,2.6237,2.73,2.61,2.73,4129,2.72365,2.766833702700297,-0.11872415189477215,51.128667363655374,0.029999999999999805,2.9328351609911496,2.5144648390088506,0.14874285714285726,3968.85,-207178,2.733,2.6,2.7
2024-10-01,2.7299,2.74,2.6634,2.74,2250,2.7171499999999997,2.7642781119669357,-0.10676252545899523,43.472584061858804,0.13000000000000034,2.914957216088766,2.5193427839112337,0.141357142857143,3597.85,-204928,2.73,2.61,2.61
2024-10-02,2.7499,3.29,2.7025,2.96,30289,2.72065,2.7829182917796085,-0.07862435632019915,60.04343014049074,0.33999999999999986,2.9332581396667994,2.5080418603332006,0.16975000000000012,4677.4,-174639,2.74,2.53,2.62
2024-10-03,2.84,3.46,2.84,3.18,15095,2.7359,2.8207355973244077,-0.038132920608689336,69.89150001945657,0.54,3.0250868090460936,2.4467131909539064,0.2133214285714287,5246.75,-159544,2.96,2.7,2.64
2024-10-04,3.36,3.36,3.07,3.3331,9294,2.759055,2.8695322071030356,0.006238807313424299,75.96587559386245,0.6130999999999998,3.1497843448761107,2.3683256551238894,0.21903571428571442,5678.5,-150250,3.18,2.733,2.72
2024-10-07,3.33,3.62,3.25,3.4,8308,2.793555,2.920052949283699,0.04626863622591548,83.0267548809577,0.7999999999999998,3.276915789189879,2.310194210810121,0.2383214285714287,6055.35,-141942,3.3331,2.73,2.6
2024-10-09,3.3,3.58,3.265,3.34,4733,2.825055,2.960047906494775,0.07231743510553335,78.89245497231589,0.73,3.364363436211013,2.2857465637889867,0.2511785714285716,6174.45,-146675,3.4,2.74,2.61
2024-10-10,3.26,3.26,3.18,3.18,813,2.842055,2.980995724923844,0.07913837514364852,69.48051877869605,0.6500000000000004,3.4042943477027476,2.279815652297253,0.24514285714285725,6148.65,-147488,3.34,2.96,2.53
2024-10-11,3.14,3.3,3.14,3.2198,2389,2.8642950000000003,3.0037389892168114,0.08675548343260253,68.56888024969214,0.5198,3.4500629996110828,2.2785270003889178,0.2415714285714286,6215.4,-145099,3.18,3.18,2.7
2024-10-14,3.29,3.3,3.13,3.17,19549,2.8857950000000003,3.0195733711961625,0.08776198726800244,72.34242629915806,0.43699999999999983,3.483791833207555,2.2877981667924456,0.23943571428571428,7157.35,-164648,3.2198,3.3331,2.733
2024-10-15,3.12,3.23,3.12,3.15,8012,2.908295,3.031994954891766,0.08595498044702499,71.00186605940718,0.41999999999999993,3.5107042872527527,2.305885712747247,0.24300714285714284,7002.6,-172660,3.17,3.4,2.73
2024-10-16,3.11,3.3,3.11,3.3,3550,2.942795,3.0575192449020743,0.09552550238739954,78.40070736381682,0.5599999999999996,3.55226559157924,2.3333244084207596,0.2430071428571428,6971.55,-169110,3.15,3.34,2.74
2024-10-17,3.2098,3.3,3.15,3.3,4782,2.976795,3.080612650149496,0.10193516484900789,75.30364283548329,0.33999999999999986,3.586313741907738,2.367276258092262,0.24086428571428567,6982.35,-169110,3.3,3.18,2.96
2024-10-18,3.3,3.3,3.14,3.27,12951,3.008295,3.0986495406114485,0.1034021634750868,72.70421019967957,0.08999999999999986,3.609588432089221,2.407001567910779,0.24279285714285706,7536.65,-182061,3.3,3.2198,3.18
2024-10-21,3.2884,3.3,3.2,3.2,2104,3.0322950000000004,3.1083019653151203,0.09778910355701065,68.80601715486218,-0.13309999999999977,3.6233684765082343,2.4412215234917665,0.24136428571428561,7311.05,-184165,3.27,3.17,3.3331
2024-10-22,3.099,3.3,2.93,3.01,9581,3.052795,3.098939873380347,0.07712030614832877,59.44320031323109,-0.3900000000000001,3.6080967974133324,2.497493202586668,0.2623214285714284,7692.8,-193746,3.2,3.15,3.4
2024-10-23,3.17,3.1851,2.9815,3.16,4731,3.080295,3.1047551235345994,0.07201375198052817,57.3551038518892,-0.17999999999999972,3.596355157549949,2.564234842450051,0.23489999999999986,7721.5,-189015,3.01,3.3,3.34
2024-10-24,3.115,3.2999,3.06,3.1339,16257,3.11049,3.1075308260551138,0.06511016963316418,48.02264675961478,-0.04610000000000003,3.556955666269924,2.664024333730076,0.20774999999999985,8444.7,-205272,3.16,3.3,3.18
2024-10-25,3.2899,3.2899,3.0801,3.16,6148,3.1334899999999997,3.112527890240341,0.06104143509128779,41.66746838996385,-0.059800000000000075,3.536163763211486,2.730816236788513,0.2020214285714284,8301.6,-199124,3.1339,3.27,3.2198
2024-10-28,3.17,3.244,2.71,3.03,19710,3.14834,3.1046680911698323,0.04678768084983265,33.209293460764115,-0.14000000000000012,3.508486680059456,2.7881933199405444,0.21373571428571414,9233.75,-218834,3.16,3.2,3.17
2024-10-29,2.9502,2.953,2.86,2.86,1265,3.15484,3.0813663682012766,0.02152576307482512,30.194751260334627,-0.29000000000000004,3.4867843035081827,2.8228956964918175,0.1978785714285713,9090.55,-220099,3.03,3.01,3.15
2024-10-30,2.89,3.05,2.7788,2.78,11754,3.15684,3.0526648093249644,-0.004893411968137862,32.32903299822719,-0.52,3.478585616417946,2.835094383582054,0.21153571428571416,9565.75,-231853,2.86,3.16,3.3
2024-10-31,2.91,3.14,2.7,2.79,14188,3.14834,3.0276491131987773,-0.02473870965750402,30.4990921715179,-0.5099999999999998,3.4996089022446535,2.797071097755347,0.23153571428571418,8760.7,-217665,2.78,3.1339,3.3
2024-11-01,2.65,2.74,2.65,2.665,2581,3.1225899999999998,2.9931111024179415,-0.04997660716601082,28.550798165382986,-0.605,3.5343783201737655,2.710801679826234,0.22582142857142848,8135.0,-220246,2.79,3.16,3.27
2024-11-04,2.7538,3.0599,2.65,2.67,10366,3.089435,2.962338616473376,-0.06878149430611691,29.349509197304144,-0.5300000000000002,3.5352326566016594,2.6436373433983404,0.24724285714285707,8188.6,-209880,2.665,3.03,3.2
2024-11-05,2.835,2.8885,2.65,2.66,16552,3.052435,2.9335444625235305,-0.08352855409603555,18.694971373772688,-0.34999999999999964,3.5123154571212574,2.5925545428787427,0.2507071428571428,8600.8,-226432,2.67,2.86,3.01
2024-11-06,2.78,2.89,2.59,2.8477,24374,3.0278199999999997,2.9253687994260513,-0.07915740659280912,31.308372230500723,-0.3123,3.475429437838453,2.5802105621615463,0.2614214285714285,9582.85,-202058,2.66,2.78,3.16
2024-11-07,2.61,2.74,2.61,2.62,2834,2.9998199999999997,2.89628605662357,-0.09299474223280191,26.91105400912565,-0.5139,3.4764663749330236,2.523173625066976,0.2592785714285714,9683.9,-204892,2.8477,2.79,3.1339
2024-11-08,2.6509,2.6509,2.51,2.51,2940,2.96433,2.8594969083737065,-0.11155111924644379,26.167449318634795,-0.6500000000000004,3.476395481421183,2.4522645185788168,0.26220000000000004,9711.45,-207832,2.62,2.665,3.16
2024-11-11,2.56,2.6223,2.52,2.52,1278,2.9318299999999997,2.8271638694809726,-0.1240206326418205,30.67213598184769,-0.5099999999999998,3.4707385503906574,2.392921449609342,0.2430785714285715,8797.9,-206554,2.51,2.67,3.03
2024-11-12,2.5754,2.5835,2.52,2.52,2977,2.90033,2.7979101676256417,-0.13237685387587161,21.367215194039915,-0.33999999999999986,3.4588369046361596,2.34182309536384,0.23307142857142865,8546.15,-206554,2.52,2.66,2.86
2024-11-13,2.56,2.695,2.5,2.58,32759,2.86433,2.7771568183279616,-0.13262885793276258,25.94876216823043,-0.19999999999999973,3.406959566773494,2.3217004332265057,0.2298642857142858,10006.6,-173795,2.52,2.8477,2.78
2024-11-14,2.6,2.7,2.5694,2.7,38937,2.83433,2.769808549915775,-0.12174220746018038,31.53203754500683,-0.08999999999999986,3.3406726179345263,2.3279873820654737,0.22420714285714297,11714.35,-134858,2.58,2.62,2.79
2024-11-15,2.6,2.6,2.56,2.56,6703,2.7988299999999997,2.74982678325713,-0.12299349603557674,31.28086630720719,-0.10499999999999998,3.275233659449409,2.3224263405505905,0.18892142857142866,11401.95,-141561,2.7,2.51,2.665
2024-11-18,2.58,2.677,2.58,2.677,6187,2.77268,2.7428908991374032,-0.11323888171724983,42.39021906731283,0.007000000000000117,3.212366695153132,2.332993304846868,0.18920714285714293,11606.1,-135374,2.56,2.52,2.67
2024-11-19,2.6143,2.775,2.6143,2.63,4413,2.75368,2.732139384933841,-0.10805519378426443,43.586454070283615,-0.03000000000000025,3.1829039390978595,2.3244560609021407,0.1813142857142858,11347.7,-139787,2.677,2.52,2.66
2024-11-20,2.61,2.6808,2.6,2.6,9213,2.72568,2.7195546816068084,-0.1051556639929534,42.012779058198326,-0.24770000000000003,3.11445655658143,2.3369034434185703,0.15565714285714294,11571.8,-149000,2.63,2.58,2.8477
2024-11-21,2.642,2.6512,2.58,2.58,5697,2.697985,2.7062637595490173,-0.10328103906814068,46.08078140434255,-0.040000000000000036,3.040479897541628,2.355490102458372,0.15431428571428576,11043.8,-154697,2.6,2.7,2.62
2024-11-22,2.64,2.64,2.636,2.636,1406,2.6717850000000003,2.6995719729253014,-0.09616808747117478,48.5027297172466,0.12600000000000033,2.936894139591002,2.4066758604089986,0.1253214285714286,10806.7,-153291,2.58,2.56,2.51
2024-11-25,2.61,2.61,2.58,2.6,4258,2.6502850000000002,2.6900889278847964,-0.09237112439684614,47.41691005352442,0.08000000000000007,2.856214812007947,2.4443551879920533,0.11042857142857145,10034.1,-157549,2.636,2.677,2.52
2024-11-26,2.6824,2.6824,2.61,2.61,885,2.637785,2.6824614109433873,-0.08754591259337108,37.91806391089468,0.08999999999999986,2.8189805416552334,2.4565894583447667,0.09417142857142857,10015.1,-156664,2.6,2.63,2.52
2024-11-27,2.65,2.69,2.65,2.65,3687,2.631285,2.679369847996398,-0.07957691858683358,51.88442119801269,0.06999999999999984,2.7998893425174254,2.462680657482575,0.08774285714285712,9611.75,-152977,2.61,2.6,2.58
2024-12-02,2.65,2.67,2.61,2.64,1543,2.6237850000000003,2.6756203386634074,-0.0732242660906679,59.33907926616797,-0.06000000000000005,2.775123425565272,2.4724465744347284,0.08196428571428568,8979.5,-154520,2.65,2.58,2.7
2024-12-03,2.62,2.6618,2.58,2.58,46340,2.619535,2.666513639743083,-0.07219897691444332,54.02144670737232,0.020000000000000018,2.770774068678303,2.468295931321697,0.08049999999999995,11167.45,-200860,2.64,2.636,2.56
2024-12-04,2.67,2.67,2.615,2.6588,7850,2.618975,2.665779007386599,-0.06428686742423073,58.41416001721842,-0.018200000000000216,2.76950858953699,2.4684414104630097,0.07989285714285708,11041.65,-193010,2.58,2.6,2.677
2024-12-05,2.61,2.61,2.61,2.61,2078,2.616475,2.6604667209688277,-0.06124818486144479,51.84365692501081,-0.020000000000000018,2.7657957198226844,2.4671542801773154,0.06596428571428567,10317.95,-195088,2.6588,2.61,2.63
2024-12-06,2.7,2.8219,2.65,2.7734,12737,2.61276,2.671222271352749,-0.04513470781269069,54.2823795099728,0.1734,2.739909847775832,2.4856101522241683,0.06891428571428564,9736.1,-182351,2.61,2.65,2.6
2024-12-09,3.0,3.0,2.58,2.9,7768,2.62676,2.693010626462011,-0.021896687813870663,70.15172951384044,0.31999999999999984,2.8075931874522877,2.4459268125477123,0.09605714285714277,9982.8,-174583,2.7734,2.64,2.58
2024-12-10,2.8,2.97,2.8,2.83,7228,2.64276,2.706057233465629,-0.009024772568952066,59.60331303735077,0.19399999999999995,2.8362768416441937,2.4492431583558063,0.10127142857142853,10197.2,-181811,2.9,2.58,2.636
2024-12-11,2.99,3.0,2.7457,3.0,18144,2.66676,2.7340517826593786,0.01472416128445353,70.11744129877756,0.3999999999999999,2.9090786453715047,2.4244413546284953,0.10795714285714283,11040.5,-163667,2.83,2.6588,2.6
2024-12-12,2.8287,3.0,2.76,2.8,8660,2.6807600000000003,2.7403325652632473,0.017208663178006844,59.17767912216638,0.18999999999999995,2.9197078903772407,2.44181210962276,0.11932857142857142,11324.65,-172327,3.0,2.61,2.61
2024-12-13,2.8,2.98,2.8,2.98,4512,2.70076,2.763158035238176,0.03331807448267865,66.00512089943047,0.33000000000000007,2.969322821426526,2.4321971785734737,0.12710000000000002,9912.3,-167815,2.8,2.7734,2.65
2024-12-16,2.82,2.9,2.81,2.86,5530,2.70876,2.772381079501207,0.0359870653969212,58.526186952370104,0.21999999999999975,2.9865995023256704,2.4309204976743293,0.13324285714285716,8241.95,-173345,2.98,2.9,2.64
2024-12-17,2.8001,2.9,2.8001,2.82,6968,2.72176,2.7769162147868065,0.034477162946330964,58.34851182689801,0.23999999999999977,2.9945776749945257,2.4489423250054747,0.1382357142857143,8255.2,-180313,2.86,2.83,2.58
2024-12-18,2.78,2.835,2.66,2.66,6445,2.7209100000000004,2.765781337188063,0.02013775603566126,51.70346094041398,0.001200000000000312,2.994419910529472,2.447400089470529,0.14556428571428573,8268.1,-186758,2.82,3.0,2.6588
2024-12-19,2.62,2.78,2.62,2.78,2145,2.72841,2.7671354955511043,0.01824633744702009,54.20005120263588,0.16999999999999993,2.9996405051931165,2.457179494806883,0.15413571428571426,8154.7,-184613,2.66,2.8,2.61
2024-12-20,2.6515,2.86,2.6515,2.86,6228,2.7414099999999997,2.7759797340700465,0.022938287698623938,56.800197332342506,0.08659999999999979,3.011647804827229,2.4711721951727705,0.1647428571428571,8005.45,-178385,2.78,2.98,2.7734
2024-12-23,2.71,3.1,2.6815,2.81,19040,2.75291,2.7792197593967085,0.022364308121442633,57.15352027858343,-0.08999999999999986,3.0136343505070315,2.4921856494929684,0.18879285714285712,8672.6,-197425,2.86,2.86,2.9
2024-12-24,2.96,2.96,2.78,2.78,2534,2.76011,2.7792940680255933,0.01926658271915338,53.887605366675345,-0.050000000000000266,3.0151314678268806,2.5050885321731196,0.19772142857142858,8729.0,-199959,2.81,2.82,2.83
2024-12-27,2.8,2.8001,2.8,2.8001,1217,2.7701149999999997,2.781275585356489,0.01822344648977836,56.212011772453984,-0.19989999999999997,3.0141524196931107,2.5260775803068887,0.19772857142857145,8576.95,-198742,2.78,2.66,3.0
2024-12-30,2.81,3.2123,2.81,3.01,28949,2.7901149999999997,2.8030588629415853,0.03394265945535979,57.503488008975744,0.20999999999999996,3.044255758967086,2.5359742410329136,0.21418571428571428,9980.15,-169793,2.8001,2.78,2.8
2024-12-31,2.9068,3.16,2.9068,2.9839,6420,2.8068099999999996,2.82028182837572,0.04378941993318852,52.84194787630428,0.0039000000000002366,3.0660139221599536,2.5476060778400456,0.2022714285714286,10116.8,-176213,3.01,2.86,2.98
2025-01-02,2.999,2.9994,2.8803,2.9994,1228,2.8247799999999996,2.837340701863747,0.05224156082112863,55.9580748569126,0.1394000000000002,3.085121319283477,2.5644386807165223,0.19863571428571428,10101.05,-174985,2.9839,2.81,2.86
2025-01-03,2.9,2.9,2.9,2.9,501,2.8407799999999996,2.8433082540671997,0.05033891837359272,46.29903727003218,0.08000000000000007,3.075890013218781,2.6056699867812183,0.18047142857142856,7809.1,-175486,2.9994,2.78,2.82
2025-01-07,3.05,3.05,2.92,2.9749,7635,2.856585,2.855840801298895,0.05424950997878275,57.13353389357251,0.31489999999999974,3.082505295912539,2.6306647040874607,0.17261428571428566,7798.35,-167851,2.9,2.8001,2.66
2025-01-08,2.9808,3.0,2.9808,3.0,1894,2.8760850000000002,2.8695702487942385,0.05869741496883485,50.933706150259674,0.2200000000000002,3.0784908484175557,2.6736791515824447,0.16112857142857137,7789.15,-165957,2.9749,3.01,2.78
2025-01-13,3.0,3.0001,2.92,2.92,5711,2.883415,2.874373082242406,0.05513155802410363,52.90979559579327,0.06000000000000005,3.080716983610881,2.6861130163891187,0.16042142857142855,7437.85,-171668,3.0,2.9839,2.86
2025-01-16,3.0,3.0,3.0,3.0,621,2.8884149999999997,2.886337550600272,0.05809128197878355,58.4033605810952,0.18999999999999995,3.0924404604853573,2.684389539514642,0.15328571428571428,7080.5,-171047,2.92,2.9994,2.81
2025-01-17,3.035,3.035,3.035,3.035,156,2.8986650000000003,2.900495879114532,0.06254016790362016,69.82029494980537,0.25500000000000034,3.1107716988196206,2.68655830118038,0.1407857142857143,6726.9,-170891,3.0,2.9,2.78
2025-01-21,2.97,3.49,2.97,3.37,8695,2.917165,2.9452105572941005,0.09203670054658453,75.40912915096658,0.5699000000000001,3.214076060757168,2.6202539392428315,0.16650000000000004,6254.45,-162196,3.035,2.9749,2.8001
2025-01-22,3.3,3.3,3.3,3.3,468,2.942165,2.9790000280279956,0.10851362269654174,69.11381323406309,0.29000000000000004,3.279047564420413,2.6052824355795874,0.15160714285714288,5844.85,-162664,3.37,3.0,3.01
2025-01-23,3.38,3.38,3.2331,3.2331,993,2.9548200000000002,3.003200025358663,0.11484951756964046,68.11370754894091,0.24919999999999964,3.3158377286796314,2.593802271320369,0.1322071428571429,5668.9,-163657,3.3,2.92,2.9839
2025-01-24,3.31,3.31,3.0,3.0,9682,2.9618200000000003,3.0028952610387902,0.09990983956349409,58.02334003477261,0.0005999999999999339,3.3205182170952567,2.603121782904744,0.14149285714285717,5876.5,-173339,3.2331,3.0,2.9994
2025-01-27,3.1,3.2502,3.1,3.22,2193,2.98182,3.0235719028446195,0.10461624751232312,63.36494946393196,0.3200000000000003,3.3516563655227882,2.6119836344772116,0.15221428571428572,5637.75,-171146,3.0,3.035,2.9
2025-01-28,3.21,3.21,3.21,3.21,1179,3.0093199999999998,3.0413269597165606,0.10631367542081005,57.293945439740895,0.2351000000000001,3.359680101068887,2.6589598989311125,0.12347857142857145,5374.45,-172325,3.22,3.37,2.9749
2025-01-30,3.04,3.39,3.04,3.39,10206,3.03982,3.074533915934031,0.12079099158359918,63.31562667294984,0.3900000000000001,3.411671003551226,2.6679689964487743,0.13039285714285717,5777.5,-162119,3.21,3.3,3.0
2025-01-31,3.2,3.3697,3.08,3.09,11923,3.05132,3.0760068763212662,0.10682545875867122,52.5035919448158,0.16999999999999993,3.413865199214709,2.688774800785291,0.14257857142857144,6062.25,-174042,3.39,3.2331,2.92
2025-02-03,3.09,3.19,3.09,3.19,1010,3.0703199999999997,3.0868633642906693,0.10264362581879816,58.011049275052656,0.18999999999999995,3.4191864808685883,2.721453519131411,0.1497214285714286,5160.75,-173032,3.09,3.0,3.0
2025-02-04,3.225,3.35,3.225,3.35,1504,3.09882,3.1119239962629863,0.11096106581381626,59.896574936123656,0.31499999999999995,3.4408887379367394,2.7567512620632604,0.14936428571428575,5109.25,-171528,3.19,3.22,3.035
2025-02-05,3.11,3.49,3.11,3.49,3773,3.133315,3.1479312347141306,0.12738115622796942,62.18905429321056,0.1200000000000001,3.487475952259299,2.7791540477407013,0.17513571428571434,5237.05,-167755,3.35,3.21,3.37
2025-02-07,3.28,3.28,3.28,3.28,1404,3.146815,3.1605092123604037,0.12204212556981942,58.41121457114158,-0.020000000000000018,3.501767125904552,2.791862874095448,0.16941428571428574,3859.8,-169159,3.49,3.39,3.3
2025-02-11,3.25,3.275,3.25,3.275,1202,3.1613700000000002,3.171413096897508,0.1160694704892773,56.65859525752042,0.04190000000000005,3.5120416688989455,2.810698331101055,0.17120000000000002,3598.9,-170361,3.28,3.09,3.2331
2025-02-12,3.3,3.3,3.3,3.3,238,3.1764,3.183659468621555,0.1120616128564933,56.447688179918416,0.2999999999999998,3.5235921718738448,2.8292078281261555,0.17120000000000002,3549.4,-170123,3.275,3.19,3.0
2025-02-13,3.21,3.21,3.2,3.2,1983,3.1914000000000002,3.1852157097052163,0.0996672900632225,45.329669980980576,-0.020000000000000018,3.513314150046175,2.8694858499538256,0.13477142857142857,3623.5,-172106,3.3,3.35,3.22
2025-02-18,3.187,3.2,3.0807,3.1,6884,3.197655,3.1770999278285292,0.08084362075154328,44.594594257122004,-0.10999999999999988,3.5064508376798047,2.8888591623201956,0.14329285714285714,3585.95,-178990,3.2,3.49,3.21
2025-02-20,3.2,3.2,3.1163,3.1163,985,3.2034700000000003,3.1713094585115265,0.0664747217665913,46.75447334969289,-0.2737000000000003,3.5007596804553005,2.9061803195447,0.13877857142857145,3540.5,-178005,3.1,3.28,3.39
2025-02-21,3.1113,3.2,3.1,3.1,2964,3.2124700000000006,3.164518081510429,0.053159205789589326,53.15935754819222,0.010000000000000231,3.483352099814572,2.941587900185429,0.12377857142857145,3403.15,-180969,3.1163,3.275,3.09
2025-02-24,3.2,3.2,3.1,3.1,598,3.21747,3.1583735023189594,0.0421210185621419,45.59665298814535,-0.08999999999999986,3.475212132250033,2.959727867749967,0.12019285714285718,3402.0,-180969,3.1,3.3,3.19
2025-02-26,3.1073,3.1073,3.08,3.08,4390,3.21972,3.150909359240963,0.03139741297297949,45.264461144031436,-0.27,3.4714712272482586,2.9679687727517416,0.12214285714285718,3613.7,-185359,3.1,3.2,3.35
2025-02-27,3.08,3.08,3.01,3.01,3028,3.2017200000000003,3.1374894202656334,0.017053876822238134,34.95168660753713,-0.4800000000000004,3.459633544061722,2.9438064559382786,0.10214285714285719,3330.35,-188387,3.08,3.1,3.49
2025-02-28,3.0569,3.0569,3.03,3.03,2138,3.18822,3.1272523326212873,0.0072171590195511115,46.94687496717255,-0.25,3.4526562153714027,2.923783784628597,0.08337142857142865,3413.85,-186249,3.01,3.1163,3.28
2025-03-03,3.03,3.04,3.03,3.04,599,3.178565,3.1189425866573552,0.000225802803547559,41.59757945063174,-0.23499999999999988,3.4501069926814716,2.907023007318528,0.07694285714285723,3394.15,-185650,3.03,3.1,3.275
2025-03-04,3.0924,3.0924,3.0924,3.0924,674,3.183185,3.1164147212614166,-0.0010742717566118998,33.59235608879874,-0.20759999999999978,3.444901425685579,2.921468574314421,0.0680142857142858,2943.75,-184976,3.04,3.1,3.3
2025-03-05,3.105,3.105,3.02,3.02,997,3.1731849999999997,3.1072323668555675,-0.007856104853524393,17.242820962643577,-0.18000000000000016,3.4441006269898784,2.902269373010121,0.04694285714285721,2883.95,-185973,3.0924,3.08,3.2
2025-03-06,3.02,3.0404,3.0,3.0,4978,3.1626849999999997,3.0970197604883705,-0.01467542018753143,23.45468272968229,-0.10000000000000009,3.4436833200922865,2.881686679907713,0.04982857142857149,3073.9,-190951,3.02,3.01,3.1
2025-03-07,2.985,3.0,2.97,2.9972,4096,3.143045,3.0875131166323353,-0.02007430917927433,23.552931588459543,-0.11909999999999998,3.4117882151407,2.8743017848592998,0.05018571428571434,2768.4,-195047,3.0,3.03,3.1163
2025-03-10,2.98,2.985,2.75,2.8,11888,3.128545,3.0601309150483034,-0.03980649503685196,14.152566392119411,-0.30000000000000027,3.4376080831535383,2.8194819168464615,0.06697142857142861,2766.65,-206935,2.9972,3.04,3.1
2025-03-11,2.8,2.9,2.8,2.9,525,3.114045,3.0448803517103697,-0.04683534156302738,28.49153943378039,-0.20000000000000018,3.437828894628813,2.790261105371187,0.07340000000000006,2742.4,-206410,2.8,3.0924,3.1
2025-03-12,2.9,2.9,2.9,2.9,146,3.091545,3.031082222976049,-0.05180853651586492,33.260796006610065,-0.18000000000000016,3.4087653449703486,2.7743246550296514,0.0648785714285715,2674.5,-206410,2.9,3.02,3.08
2025-03-13,2.9,2.9,2.9,2.9,887,3.062045,3.0185982017402346,-0.05511450365537218,31.388744726480112,-0.10999999999999988,3.3289984355216102,2.7950915644783896,0.05890000000000005,2530.2,-206410,2.9,3.0,3.01
2025-03-14,2.99,2.99,2.87,2.87,1077,3.041545,3.0044459920506883,-0.05946972573156195,30.66576928493484,-0.1599999999999997,3.3008868997140968,2.7822031002859036,0.060328571428571474,2513.85,-207487,2.9,2.9972,3.03
2025-03-17,2.87,2.96,2.86,2.86,4523,3.020795,2.9906892309030035,-0.0630019398854813,30.158729460611426,-0.18000000000000016,3.2675945775394113,2.773995422460589,0.060328571428571474,2679.9,-212010,2.87,2.8,3.04
2025-03-18,2.9,2.9,2.9,2.9,501,3.000795,2.982052161293194,-0.06186049012133976,35.595389727376045,-0.19240000000000013,3.215005250626882,2.786584749373118,0.05837857142857149,2693.05,-211509,2.86,2.9,3.0924
2025-03-19,2.86,2.92,2.86,2.92,2311,2.986795,2.976142431646223,-0.058665787427254035,42.17118895198916,-0.10000000000000009,3.1819380511727218,2.791651948827278,0.05766428571428576,2709.45,-209198,2.9,2.9,3.02
2025-03-20,2.99,3.03,2.9,3.03,2036,2.983295,2.981271723870392,-0.04671933047402943,49.99999894705177,0.029999999999999805,3.1723035765248415,2.7942864234751585,0.06502857142857144,2467.05,-207162,2.92,2.9,3.0
2025-03-21,2.99,3.0,2.9,3.0,4687,2.9774800000000003,2.983055369216069,-0.03922031912350832,47.079438289847936,0.0028000000000001357,3.156131434804878,2.7988285651951226,0.07145714285714286,2652.15,-211849,3.03,2.87,2.9972
2025-03-24,3.0,3.14,2.93,2.99,874,2.97198,2.9837167626240624,-0.03369579092439823,42.02988700433,0.1900000000000004,3.1412777395936686,2.802682260406331,0.08645714285714286,2547.65,-212723,3.0,2.86,2.8
2025-03-25,2.99,3.0,2.99,3.0,3867,2.96698,2.9852675471360564,-0.02818573845017358,48.275860903686116,0.10000000000000009,3.125949836264783,2.808010163735217,0.08109999999999998,2711.1,-208856,2.99,2.9,2.9
2025-03-26,3.0,3.0,3.0,3.0,741,2.96298,2.986670637885003,-0.023547540774354836,49.99999875000003,0.10000000000000009,3.113792530541622,2.812167469458378,0.0782142857142857,2528.65,-208856,3.0,2.92,2.9
2025-03-27,2.8948,2.8948,2.8948,2.8948,281,2.95722,2.977921053324527,-0.028037299965386175,42.2705305075673,-0.005199999999999871,3.109265749347633,2.805174250652367,0.07607142857142857,2391.3,-209137,3.0,3.03,2.9
2025-03-28,2.91,2.91,2.9001,2.9001,1134,2.9507250000000003,2.9705095244364768,-0.030812612152486096,60.63761774935892,0.030100000000000016,3.100765091133386,2.8006849088666144,0.059992857142857146,2341.1,-208003,2.8948,3.0,2.87
2025-03-31,3.0,3.0,2.98,2.98,1345,2.947725,2.9714133792520503,-0.026262071989645364,58.88099284117698,0.1200000000000001,3.0925582162394463,2.802891783760554,0.05427857142857143,2378.4,-206658,2.9001,2.99,2.86
2025-04-02,2.88,2.88,2.87,2.87,932,2.9366049999999997,2.9617549621804264,-0.031172479873576187,47.32333928885307,-0.029999999999999805,3.0682155654851258,2.8049944345148736,0.05499285714285713,2391.3,-207590,2.98,3.0,2.9
2025-04-04,2.86,2.92,2.8501,2.8501,1853,2.92811,2.951121156258481,-0.03625188798920753,45.7004986389678,-0.06990000000000007,3.0589867664635175,2.797233233536483,0.059985714285714274,2434.1,-209443,2.87,3.0,2.92
2025-04-07,2.9025,2.9025,2.9025,2.9025,1025,2.923235,2.9464905699481494,-0.035638297333486335,52.69619920732238,-0.12749999999999995,3.0500368308847925,2.7964331691152076,0.0514142857142857,2236.45,-208418,2.8501,2.8948,3.03
2025-04-08,2.86,2.91,2.85,2.85,2557,2.915875,2.9373009918578497,-0.03893946365924883,49.225045429090784,-0.1499999999999999,3.0416843775265985,2.790065622473402,0.04855714285714284,2159.5,-210975,2.9025,2.9001,3.0
2025-04-09,2.8,2.8,2.8,2.8,1975,2.9158749999999998,2.9242247069190066,-0.04507069694969745,42.36874146342736,-0.1900000000000004,3.041684377526598,2.7900656224734015,0.04855714285714284,1663.85,-212950,2.85,2.98,2.99
2025-04-10,2.8155,2.895,2.8155,2.82,1835,2.9118749999999998,2.9142985443552916,-0.04776530198409823,42.36874146342736,-0.18000000000000016,3.044700962506339,2.7790490374936607,0.049949999999999974,1729.35,-211115,2.8,2.87,3.0
2025-04-11,2.8,2.832,2.8,2.832,573,2.908475,2.9064605877500256,-0.0483748608915735,32.23259071920984,-0.16800000000000015,3.045979677432207,2.770970322567793,0.04294999999999998,1750.7,-210542,2.82,2.8501,3.0
2025-04-15,2.805,2.805,2.805,2.805,341,2.903725,2.8967976746309754,-0.05045500122202773,32.407072440095604,-0.08979999999999988,3.0488164756825338,2.7586335243174664,0.03580714285714283,1723.4,-210883,2.832,2.9025,2.8948
2025-04-16,2.75,2.75,2.75,2.75,3129,2.897725,2.8828169437137396,-0.0558972194157219,29.973297029996374,-0.15010000000000012,3.0578360124748927,2.737613987525107,0.020807142857142833,1826.0,-214012,2.805,2.85,2.9001
2025-04-17,2.68,2.71,2.5826,2.71,5619,2.890225,2.866358187169574,-0.06271494342028916,26.95486271874114,-0.27,3.070552945406924,2.709897054593076,0.02919285714285715,1880.8,-219631,2.75,2.8,2.98
2025-04-22,2.7,2.7,2.6,2.6,1318,2.875225,2.840990740772472,-0.07611669364129892,22.94372250918275,-0.27,3.0972237185831872,2.6532262814168126,0.0363357142857143,1921.65,-220949,2.71,2.82,2.87
2025-04-24,2.6156,2.6156,2.6156,2.6156,1639,2.860005,2.8195249559369984,-0.08450476924304384,28.509851602312324,-0.2344999999999997,3.10915668472227,2.6108533152777302,0.0363357142857143,1888.05,-219310,2.6,2.832,2.8501
2025-04-25,2.58,2.58,2.58,2.58,591,2.8375049999999997,2.79671305537157,-0.09295349207355041,26.45977295126221,-0.3224999999999998,3.1027727572804062,2.572237242719593,0.03562857142857144,1815.8,-219901,2.6156,2.805,2.9025
2025-04-28,2.69,2.69,2.69,2.69,335,2.822005,2.786549907240944,-0.08973863398265314,29.577464205514786,-0.16000000000000014,3.083495170691684,2.5605148293083158,0.03420000000000001,1598.2,-219566,2.58,2.75,2.85
2025-04-30,2.53,2.54,2.45,2.45,3242,2.795005,2.7544975351227587,-0.10534250717089355,24.99999958333335,-0.34999999999999964,3.0924950863451235,2.497514913654877,0.03991428571428573,1716.6,-222808,2.69,2.71,2.8
2025-05-01,2.6,2.6491,2.6,2.6491,842,2.77746,2.744459674634877,-0.10048465844748256,40.139324409389175,-0.17090000000000005,3.0652777230195443,2.489642276980456,0.038428571428571416,1565.35,-221966,2.45,2.6,2.82
2025-05-02,2.7,2.75,2.61,2.62,10773,2.7584600000000004,2.732606372288698,-0.0978548948214768,35.81684857773283,-0.21199999999999974,3.034345196565809,2.4825748034341917,0.048428571428571425,2066.95,-232739,2.6491,2.6156,2.832
2025-05-06,2.5143,2.605,2.5143,2.521,2387,2.73977,2.7124533844516794,-0.10257681910513039,34.219109287156996,-0.28400000000000025,3.0271711984005103,2.45236880159949,0.05062142857142856,2172.25,-235126,2.62,2.58,2.805
2025-05-07,2.58,2.58,2.0,2.1601,11376,2.70277,2.659848300218186,-0.13389710942303346,26.3577917911704,-0.5899000000000001,3.0798164112154764,2.325723588784524,0.09204999999999999,2684.35,-246502,2.521,2.69,2.75
2025-05-08,2.315,2.4799,2.1501,2.35,6072,2.67127,2.6303389382926445,-0.14176118748494604,34.571953463755676,-0.3599999999999999,3.0559842978202285,2.286555702179771,0.10992857142857144,2920.7,-240430,2.1601,2.45,2.71
2025-05-09,2.14,2.44,1.96,2.43,16707,2.6492700000000005,2.611259039407631,-0.13992522371596072,37.36802380395153,-0.16999999999999993,3.0364492137743073,2.2620907862256936,0.14192857142857143,3709.45,-223723,2.35,2.6491,2.6
2025-05-12,2.42,2.42,2.06,2.42,5406,2.6277649999999997,2.5930438927973802,-0.13768992191728602,37.77156617405544,-0.19560000000000022,3.0157542905466466,2.239775709453353,0.16764285714285715,3887.1,-229129,2.43,2.62,2.6156
2025-05-13,2.41,2.5359,2.41,2.5359,978,2.6094350000000004,2.5876016172928678,-0.1251239171243954,43.452999444473114,-0.04410000000000025,2.9768683754143246,2.242001624585676,0.17663571428571426,3884.75,-228151,2.42,2.521,2.58
2025-05-15,2.45,2.54,2.45,2.54,4581,2.593935,2.5830681299316423,-0.11352577756159699,44.684842030022644,-0.1499999999999999,2.9444021485467204,2.2434678514532798,0.17396428571428565,3985.95,-223570,2.5359,2.1601,2.69
2025-05-16,2.59,2.59,2.5,2.5,2538,2.5789350000000004,2.575156879461962,-0.1063360582168218,46.73031607754092,0.04999999999999982,2.9177534750756284,2.2401165249243724,0.17324999999999993,4014.1,-226108,2.54,2.35,2.45
2025-05-19,2.42,2.42,2.42,2.42,469,2.558935,2.560380033798918,-0.10587304667072361,43.86295142188672,-0.22909999999999986,2.8848146372895096,2.2330553627104903,0.17324999999999993,3945.8,-226577,2.5,2.43,2.6491
2025-05-20,2.51,2.51,2.4601,2.4601,2407,2.54034,2.5508295543894977,-0.10110489749163509,46.24866989081949,-0.15989999999999993,2.842168354149115,2.238511645850885,0.17681428571428562,4037.5,-224170,2.42,2.42,2.62
2025-05-21,2.5,2.5,2.4,2.4905,5544,2.524615,2.5450838825428788,-0.09379190428874162,43.43101705101466,-0.03049999999999997,2.7999980960296758,2.249231903970324,0.18395714285714276,4297.65,-218626,2.4601,2.5359,2.521
2025-05-22,2.46,2.6034,2.43,2.51,4554,2.5126150000000003,2.541742560395938,-0.08543794204386757,52.31124750974,0.3498999999999999,2.7667411541252074,2.258488845874793,0.18991428571428565,4368.9,-214072,2.4905,2.54,2.1601
2025-05-23,2.5,2.5846,2.5,2.5846,1145,2.506345,2.5458242213106104,-0.07196816601675682,47.25181025860645,0.23459999999999992,2.745725881046228,2.266964118953772,0.19244999999999995,4145.2,-212927,2.51,2.5,2.35
2025-05-28,2.5653,2.62,2.5653,2.62,4017,2.507345,2.5528885811857904,-0.057770841026664854,49.99999940667911,0.18999999999999995,2.748533473801463,2.266156526198537,0.1863571428571428,4280.15,-208910,2.5846,2.42,2.43
2025-05-29,2.63,2.63,2.63,2.63,256,2.5080649999999998,2.560232525834763,-0.0451915027463734,54.99633226077314,0.20999999999999996,2.750695828734878,2.2654341712651216,0.17987857142857136,4211.0,-208654,2.62,2.4601,2.42
2025-06-02,2.5439,2.62,2.43,2.5761,3682,2.50787,2.5617437138505,-0.03912060805103046,76.53738061811259,0.040200000000000014,2.750263556454103,2.265476443545897,0.1520214285714285,4365.55,-212336,2.63,2.4905,2.5359
2025-06-03,2.6263,2.64,2.45,2.56,10698,2.50137,2.561577645864738,-0.03520272066235908,67.2131132115023,0.020000000000000018,2.7297674937643515,2.2729725062356487,0.1420357142857142,4883.7,-223034,2.5761,2.51,2.54
2025-06-04,2.27,2.66,2.23,2.66,27084,2.51187,2.5709512034014295,-0.023754772187903228,68.25396673721343,0.16000000000000014,2.7494478307926746,2.2742921692073255,0.13846428571428565,6075.8,-195950,2.56,2.5846,2.5
2025-06-05,2.6136,2.6136,2.6136,2.6136,588,2.510095,2.575012993553674,-0.018216296634550044,64.52580896854542,0.1936,2.7438556646032044,2.276334335396796,0.11274999999999993,6063.1,-196538,2.66,2.62,2.42
2025-06-06,2.32,2.6499,2.32,2.61,5587,2.509595,2.578345089405705,-0.013956621524263912,56.68651724668608,0.1498999999999997,2.742406705936353,2.276783294063647,0.12732142857142856,5803.8,-202125,2.6136,2.63,2.4601
2025-06-09,2.53,2.65,2.452,2.62,9165,2.514545,2.582312223748019,-0.009662498614219306,57.14285571428576,0.12950000000000017,2.752530081133351,2.276559918866649,0.1350357142857143,6142.7,-192960,2.61,2.5761,2.4905
2025-06-10,2.716,2.75,2.6002,2.6811,5108,2.5405949999999997,2.591720583391065,-0.0013139692845358653,65.58251433805677,0.17110000000000003,2.7227242366481765,2.358465763351823,0.13930714285714285,5829.3,-187852,2.62,2.56,2.51
2025-06-11,2.69,2.69,2.45,2.69,1383,2.557595,2.601080527830011,0.005951846791820703,76.47058613610155,0.10539999999999994,2.7279061267494855,2.3872838732505146,0.15644999999999998,5594.85,-186469,2.6811,2.66,2.5846
2025-06-12,2.53,2.7,2.47,2.5,4142,2.561095,2.591453810893819,-0.0035800847357272403,53.0231842062061,-0.1200000000000001,2.7230369190877926,2.3991530809122072,0.16931428571428572,4966.6,-190611,2.69,2.6136,2.62
2025-06-13,2.55,2.7,2.5,2.51,5505,2.565595,2.5836963050944077,-0.010209602773142645,51.524627488123855,-0.1200000000000001,2.7155897574520536,2.4156002425479466,0.17645714285714287,4971.55,-185106,2.5,2.61,2.63
2025-06-16,2.51,2.78,2.51,2.62,1999,2.5698,2.587153799847321,-0.006512392087092422,57.534245471945994,0.04390000000000027,2.721000111389354,2.418599888610646,0.18335714285714286,5022.6,-183107,2.51,2.62,2.5761
2025-06-17,2.6199,2.62,2.5656,2.57,1746,2.5713,2.585520104623767,-0.007530105742328708,48.96512519774346,0.009999999999999787,2.721849170145575,2.4207508298544247,0.18120000000000003,4880.85,-184853,2.62,2.6811,2.56
2025-06-18,2.665,2.665,2.665,2.665,815,2.57955,2.5930896184691226,-0.0006632989965185132,52.941175501730115,0.004999999999999893,2.731722858773537,2.4273771412264624,0.17729285714285717,4794.7,-184038,2.57,2.69,2.66
2025-06-20,2.6909,2.6909,2.61,2.69,3561,2.5930500000000003,2.6023191786149202,0.00671853875585704,53.84615287968444,0.07640000000000002,2.7330437968548513,2.4530562031451493,0.1830714285714286,4949.3,-180477,2.665,2.5,2.6136
2025-06-23,2.6898,2.69,2.6431,2.69,4296,2.604545,2.610669733032547,0.012425465328164353,57.843271161264575,0.08000000000000007,2.7360725832585597,2.47301741674144,0.17285000000000003,5043.75,-180477,2.69,2.51,2.61
2025-06-26,2.7176,3.07,2.65,2.7,48655,2.6150200000000003,2.6191773775056375,0.017552824148882262,59.722221060956805,0.08000000000000007,2.741580600836727,2.4884593991632737,0.18927857142857146,7199.3,-131822,2.69,2.62,2.62
2025-06-27,2.85,2.9008,2.725,2.8,14026,2.6295200000000003,2.636398579647958,0.029347161411280798,59.72222106095679,0.1189,2.77099116648742,2.4880488335125808,0.1711214285714286,7672.9,-117796,2.7,2.57,2.6811
2025-06-30,3.0,3.0,2.8,2.91,5108,2.6457900000000003,2.662455857776724,0.04702822722756128,68.91270933540335,0.2200000000000002,2.832970688387467,2.4586093116125336,0.18540714285714288,7871.05,-112688,2.8,2.665,2.69
2025-07-01,2.91,2.91,2.86,2.86,822,2.65779,2.681269585607512,0.05635637591863496,65.06023986645377,0.3599999999999999,2.8674336565622363,2.4481463434377635,0.16541428571428574,7711.3,-113510,2.91,2.69,2.5
2025-07-02,2.98,2.9999,2.93,2.9401,4032,2.6732950000000004,2.70592010126394,0.06941226021028912,67.7813565726708,0.43010000000000037,2.9173326370884882,2.4292573629115126,0.15626428571428572,7900.1,-109478,2.86,2.69,2.51
2025-07-03,2.9033,2.9929,2.9033,2.91,3242,2.68999,2.7253562820959454,0.07644906687514297,63.168794287926445,0.29000000000000004,2.951117586480241,2.428862413519759,0.15196428571428572,7878.1,-112720,2.9401,2.7,2.62
2025-07-07,2.9987,3.0,2.9053,3.0,8235,2.71199,2.7515128266582365,0.08827050723222074,66.31235431659337,0.43000000000000016,2.9997837777754395,2.4241962222245608,0.1415857142857143,7754.95,-104485,2.91,2.8,2.57
2025-07-08,3.025,3.025,3.0,3.0,2081,2.72899,2.7751782717384046,0.09652638777144462,82.8860810833923,0.33499999999999996,3.0428410468022857,2.4151389531977143,0.12694285714285716,6504.8,-104485,3.0,2.91,2.665
2025-07-09,2.91,2.93,2.91,2.9105,5857,2.743835,2.788066055382366,0.0947550532905348,73.84780155547308,0.22049999999999992,3.062751034321436,2.4249189656785637,0.11408571428571428,6768.25,-110342,3.0,2.86,2.69
2025-07-10,2.9803,3.06,2.92,3.06,6568,2.766335,2.813964526298331,0.10421335187910374,75.0227467580545,0.3700000000000001,3.1081671611858606,2.42450283881414,0.1048,6817.3,-103774,2.9105,2.9401,2.69
2025-07-11,3.0566,3.0566,2.95,3.0391,9032,2.7872899999999996,2.835405999984204,0.10876884676326437,77.5908703843404,0.33909999999999973,3.1424736879847797,2.4321063120152195,0.1085285714285714,6810.65,-112806,3.06,2.91,2.7
2025-07-14,3.05,3.05,2.985,3.025,1520,2.804485,2.85346257141428,0.10997364934471943,73.40093470149101,0.2250000000000001,3.171135490536246,2.4378345094637544,0.11317142857142855,6631.25,-114326,3.0391,3.0,2.8
2025-07-16,2.95,2.9903,2.95,2.99,2947,2.819485,2.8664661360414914,0.10687229923794295,69.25051210278853,0.08000000000000007,3.1909299071565997,2.4480400928434,0.1102714285714285,6709.45,-117273,3.025,3.0,2.91
2025-07-17,3.1,3.14,3.08,3.1,4245,2.849485,2.888707456418492,0.11199947736809879,73.05442979896308,0.2400000000000002,3.209011520652615,2.489958479347385,0.11120714285714281,6714.6,-113028,2.99,2.9105,2.86
