Date,Open,High,Low,Close,Volume,SMA_20,EMA_20,MACD,RSI_14,Momentum_10,Bollinger_Upper,Bollinger_Lower,ATR_14,Volume_MA_20,OBV,Lag_1,Lag_5,Lag_10
2023-05-15,226.22,230.31,226.22,230.15,478253.0,219.61700000000002,222.6385488278586,2.6381541658141714,73.14526874668961,16.26000000000002,236.49497456044884,202.7390254395512,5.465000000000003,593700.2,739281.0,227.04,229.82,213.89
2023-05-16,229.08,229.28,226.25,226.52,308522.0,219.8375,223.00821084425303,2.5193600429198852,67.52737035849239,19.430000000000007,236.96597782587756,202.70902217412245,5.307857142857145,580995.45,430759.0,230.15,230.93,207.09
2023-05-17,229.09,233.41,227.595,232.11,366199.0,220.456,223.87504790670513,2.7723256754302668,69.41634239354418,24.77000000000001,238.44155841721204,202.47044158278794,5.370357142857145,566554.65,796958.0,226.52,228.21,207.34
2023-05-18,231.45,235.21,230.0,234.85,381884.0,221.39600000000002,224.92028143939987,3.1217961689569336,69.98281456979646,11.25,240.3509820141802,202.44101798581983,5.340000000000002,566351.05,1178842.0,232.11,227.17,223.6
2023-05-19,236.03,236.66,231.65,233.65,462132.0,222.237,225.75168320707607,3.273878646219174,68.4534926978269,2.460000000000008,241.8210989204588,202.65290107954118,5.449285714285714,559238.8,716710.0,234.85,227.04,231.19
2023-05-22,233.83,238.58,232.35,237.7,612522.0,223.30949999999999,226.8896181397355,3.6351460082980793,80.13388460086878,7.8799999999999955,243.83960880069614,202.77939119930383,5.345000000000001,567003.75,1329232.0,233.65,230.15,229.82
2023-05-23,235.81,240.63,235.1,236.58,856362.0,224.673,227.81251165023687,3.795130817973188,78.30042584018187,5.650000000000006,244.90841980629122,204.43758019370878,5.372142857142857,588528.9,472870.0,237.7,226.52,230.93
2023-05-24,235.0,236.83,230.4454,232.46,552361.0,225.8185,228.25512958830956,3.5834005772726414,61.20951414835698,4.25,245.01653638533463,206.62046361466537,5.159614285714288,589676.0,-79491.0,236.58,232.11,228.21
2023-05-25,233.03,233.24,230.105,232.82,504901.0,226.852,228.6898791513277,3.402283735505847,52.52400121600074,5.650000000000006,245.15651494490967,208.54748505509033,4.931757142857147,593893.4,425410.0,232.46,234.85,227.17
2023-05-26,232.76,234.46,231.185,233.75,357815.0,227.8435,229.1717954226298,3.2884446753394627,56.169544716283426,6.710000000000008,245.32851225862342,210.3584877413766,4.818542857142863,583388.25,783225.0,232.82,233.65,227.04
2023-05-30,233.23,235.35,229.67,230.94,588975.0,228.696,229.3401958585698,2.9573175664425264,50.01490310878661,0.789999999999992,244.93467949000004,212.45732050999996,4.937828571428576,582168.45,194250.0,233.75,237.7,230.15
2023-05-31,229.45,230.12,221.25,226.55,1442371.0,229.669,229.0744629196584,2.3433612537091904,47.643384421720405,0.030000000000001137,242.41263725654164,216.92536274345838,4.973542857142862,601268.65,-1248121.0,230.94,236.58,226.52
2023-06-01,227.32,229.91,225.77,228.0,478956.0,230.702,228.97213311778617,1.9432764524959225,51.164748787080946,-4.110000000000014,238.0183252208224,223.3856747791776,5.01711428571429,597949.35,-769165.0,226.55,232.46,232.11
2023-06-02,231.59,235.46,229.34,234.84,604746.0,231.26399999999998,229.5309775827589,2.1146255344863505,59.21114783115364,-0.009999999999990905,237.98597777913295,224.542022220867,5.179971428571433,544410.15,-164419.0,228.0,232.82,234.85
2023-06-05,233.44,234.42,230.5301,232.67,581230.0,231.33799999999997,229.82993209868664,2.0626132638726347,53.043478242932146,-0.9800000000000182,238.08907040245816,224.58692959754177,5.165678571428574,532916.3,-745649.0,234.84,233.75,233.65
2023-06-06,232.33,238.57,231.93,238.24,370484.0,231.75900000000001,230.63089094643078,2.415048241315077,63.520996749208734,0.5400000000000205,239.1329081975071,224.38509180249292,5.423535714285715,525034.0,-375165.0,232.67,230.94,237.7
2023-06-07,238.84,240.66,237.59,237.59,553450.0,232.09199999999996,231.2936632372469,2.6140430694708243,57.13541664583604,1.009999999999991,239.89718747878268,224.28681252121723,5.227464285714286,533064.75,-928615.0,238.24,226.55,236.58
2023-06-08,237.46,239.28,234.44,238.3,306546.0,232.59649999999996,231.96093340512815,2.7932864287701875,54.742919967929616,5.840000000000003,240.64573605397618,224.54726394602375,5.201035714285715,519680.7,-622069.0,237.59,228.0,232.46
2023-06-09,239.04,240.25,236.7,239.37,520379.0,233.2065,232.66655879511595,2.982584253766504,57.89183220721618,6.550000000000011,241.37247375506556,225.04052624493445,5.096750000000002,529781.8,-101690.0,238.3,234.84,232.82
2023-06-12,238.86,240.72,237.8,239.27,251643.0,233.81800000000004,233.29545795748587,3.0888593853032376,52.43109319498191,5.52000000000001,241.87054480861397,225.7654551913861,4.860321428571429,528986.55,-353333.0,239.37,232.67,233.75
2023-06-13,239.82,241.71,238.85,240.3,334099.0,234.3255,233.96255719963008,3.215267877190513,55.776397491277336,9.360000000000014,242.67846978388673,225.97253021611328,4.669607142857144,521778.85,-19234.0,239.27,238.24,230.94
2023-06-14,241.73,243.34,236.95,239.79,586927.0,234.98900000000003,234.51755175204627,3.238248639828271,62.81916751033685,13.23999999999998,242.82344190737274,227.15455809262733,4.669992857142859,535699.1,-606161.0,240.3,237.59,226.55
2023-06-15,238.98,245.365,237.61,244.45,337762.0,235.606,235.46349920423233,3.5773095382433553,67.68014591220665,16.44999999999999,244.37383451630222,226.83816548369776,4.999992857142857,534277.25,-268399.0,239.79,238.3,228.0
2023-06-16,246.55,246.9486,241.34,243.63,672717.0,236.04500000000002,236.24126118478165,3.7385693189327185,65.07016470680344,8.789999999999992,245.50532713354468,226.58467286645535,5.16667857142857,548818.9,-941116.0,244.45,239.37,234.84
2023-06-20,241.38,243.41,238.66,242.48,534169.0,236.48649999999998,236.835426786231,3.733139518493772,68.54113107456372,9.810000000000002,246.29400791888256,226.6789920811174,5.100249999999998,552420.75,-1475285.0,243.63,239.27,232.67
2023-06-21,241.26,243.82,241.1324,243.03,381645.0,236.75300000000001,237.4253861399233,3.7287442072970975,80.2052785512142,4.789999999999992,246.9800397013324,226.52596029866763,4.658649999999999,540876.9,-1093640.0,242.48,240.3,238.24
2023-06-22,242.3,242.695,239.59,240.99,343275.0,236.9735,237.76487317421632,3.5242567222448713,73.30462859611532,3.4000000000000057,247.3735349695767,226.5734650304233,4.584721428571427,515222.55,-1436915.0,243.03,239.79,237.59
2023-06-23,238.33,240.37,237.55,238.56,594242.0,237.27849999999998,237.84059953857667,3.1347679097834487,57.92838871223368,0.2599999999999909,247.47703709839627,227.0799629016037,4.349007142857141,517316.6,-2031157.0,240.99,244.45,238.3
2023-06-26,237.91,241.07,237.91,239.23,295068.0,237.59900000000002,237.97292339204554,2.8460938074456976,64.93624768173461,-0.14000000000001478,247.60872138000158,227.58927861999845,4.296871428571428,506824.95,-1736089.0,238.56,243.63,239.37
2023-06-27,240.0,245.86,239.145,245.67,371211.0,238.19500000000002,238.70597830708883,3.0902254039432364,66.27244849199231,6.399999999999977,248.64937103245373,227.74062896754631,4.3022285714285715,507494.75,-1364878.0,239.23,242.48,239.27
2023-06-28,245.7,246.07,242.855,245.88,315571.0,238.942,239.38921846831846,3.262524959783434,68.51272885398933,5.579999999999984,249.34857605858693,228.5354239414131,4.312585714285715,493824.55,-1049307.0,245.67,243.03,240.3
2023-06-29,246.15,249.38,245.98,248.05,279225.0,240.01699999999997,240.21405480466908,3.530121804674991,70.44025153097846,8.26000000000002,249.42798372843336,230.60601627156657,4.209728571428572,435667.25,-770082.0,245.88,240.99,239.79
2023-06-30,250.34,252.41,249.92,251.08,311652.0,241.171,241.24890672803392,3.9369897547579455,72.68500577227469,6.630000000000024,250.0210821286701,232.3209178713299,4.1340142857142865,427302.05,-458430.0,248.05,238.56,244.45
2023-07-03,251.21,253.8,251.21,253.47,198210.0,242.10250000000002,242.41282037298308,4.398362049519818,75.26690387709118,9.840000000000003,252.00591541298255,232.1990845870175,4.110442857142859,406975.25,-260220.0,251.08,239.23,243.63
2023-07-05,250.28,252.665,249.07,250.99,467029.0,243.01850000000005,243.22969462317516,4.51455715396466,68.08798643136271,8.51000000000002,252.63321739191073,233.40378260808936,4.162942857142858,401265.2,-727249.0,253.47,245.67,242.48
2023-07-06,248.75,250.96,245.77,250.06,321737.0,243.60949999999997,243.8801998971585,4.480826669873039,67.13380043577335,7.030000000000001,253.438204417486,233.78079558251395,4.077228571428571,398827.85,-1048986.0,250.99,245.88,243.03
2023-07-07,251.82,255.33,251.82,253.49,269837.0,244.4045,244.79541895457197,4.673442287163908,65.72720943214405,12.5,254.7421236198295,234.06687638017053,3.774014285714287,384647.2,-779149.0,250.06,248.05,240.99
2023-07-10,253.61,257.26,253.0876,256.31,354031.0,245.305,245.89204572080322,4.993326109680169,70.62459333153078,17.75,256.50531672484465,234.10468327515534,3.6714285714285717,387021.45,-425118.0,253.49,251.08,238.56
2023-07-11,255.07,259.17,254.01,258.73,359934.0,246.273,247.1147080331077,5.3778886603284946,75.38269287549652,19.50000000000003,258.6030200196189,233.94297998038107,3.700714285714288,378999.2,-65184.0,256.31,253.47,239.23
2023-07-12,259.56,260.99,256.98,257.88,305376.0,247.2035,248.1399739347165,5.55062241450986,72.980501361135,12.210000000000008,260.1039565810669,234.3030434189331,3.7951714285714298,381685.85,-370560.0,258.73,250.99,245.67
2023-07-13,259.27,263.775,259.26,260.5,413775.0,248.21349999999998,249.3171192742673,5.829674080840078,79.65947092991078,14.620000000000005,261.9726313602809,234.4543686397191,3.8958857142857153,385669.65,43215.0,257.88,250.06,245.88
2023-07-14,262.17,262.17,258.88,258.99,394475.0,249.17349999999996,250.23834601005137,5.862319853744992,81.95182980458786,10.939999999999998,263.1357472554042,235.2112527445957,3.929457142857146,376047.05,-351260.0,260.5,253.49,248.05
2023-07-17,258.04,260.645,256.1,258.48,434518.0,249.875,251.02326543766554,5.780639049469187,80.25778053682463,7.400000000000006,264.24194378370714,235.50805621629289,4.028385714285714,380884.85,-785778.0,258.99,256.31,251.08
2023-07-18,258.91,260.835,258.4,259.73,441638.0,250.68,251.85247825312598,5.749685964156555,76.40871521150558,6.260000000000019,265.3740990662378,235.9859009337622,3.7226714285714286,369330.9,-344140.0,258.48,258.73,253.47
2023-07-19,260.07,261.29,255.06,255.26,623013.0,251.31900000000002,252.17700413378066,5.3056670403428825,65.18782380464279,4.269999999999982,265.61786694075664,237.0201330592434,3.9380285714285725,373773.1,-967153.0,259.73,257.88,250.99
2023-07-20,255.26,255.54,250.53,253.16,851912.0,251.82549999999998,252.27062278770632,4.730819917902068,58.292762063742295,3.0999999999999943,265.59598326943075,238.0550167305692,4.053028571428571,397286.45,-1819065.0,255.26,260.5,250.06
2023-07-21,254.05,254.05,249.165,252.44,764450.0,252.398,252.2867539507819,4.16941063078383,52.38596488654723,-1.0500000000000114,265.18894186071526,239.6070581392847,4.224100000000001,418345.2,-2583515.0,253.16,258.99,253.49
2023-07-24,252.89,253.1078,250.16,251.71,447931.0,253.05550000000002,252.23182500308837,3.6241149411565345,46.72131145103957,-4.599999999999994,264.08155426394984,242.02944573605018,4.249657142857144,411029.65,-3031446.0,252.44,258.48,256.31
2023-07-25,251.42,253.895,251.34,252.41,405809.0,253.7145,252.2487940504133,3.211147978224716,52.83320028971806,-6.320000000000022,262.6359407026283,244.79305929737168,4.17537142857143,416566.7,-2625637.0,251.71,259.73,258.73
2023-07-26,250.83,252.7,249.59,250.97,332245.0,253.9795,252.12700414085012,2.7366527906995657,51.779428990030816,-6.909999999999997,262.18060769155045,245.77839230844958,4.026800000000001,414618.4,-2957882.0,252.41,255.26,257.88
2023-07-27,251.24,252.305,245.03,245.19,381976.0,253.945,251.46633707981678,1.8745878600326762,35.13610313424405,-15.310000000000002,262.2940421763903,245.59595782360967,4.295728571428571,417938.65,-3339858.0,250.97,253.16,260.5
2023-07-28,248.09,250.03,246.28,247.18,419591.0,253.90150000000003,251.05811450078662,1.3359618543275076,33.1487633641904,-11.810000000000002,262.38780171759714,245.4151982824029,4.265557142857143,424956.95,-2920267.0,245.19,252.44,258.99
2023-07-31,248.62,250.69,247.9,248.91,382302.0,253.79299999999998,250.85353216737838,1.036251206045307,31.40151513486279,-9.570000000000022,262.48420571854626,245.10179428145366,4.096271428571427,428489.45,-2537965.0,247.18,251.71,258.48
2023-08-01,247.84,251.43,246.73,251.06,237286.0,253.67250000000004,250.87319577048518,0.9605614256282138,37.68953066687172,-8.670000000000016,262.4489706369983,244.89602936300182,4.145557142857143,430443.25,-2300679.0,248.91,252.41,259.73
2023-08-02,248.75,249.49,242.76,244.86,364423.0,253.36600000000004,250.3005104590104,0.3972691222363949,24.99999998881073,-10.399999999999977,262.9297592256551,243.80224077434494,4.303771428571431,425312.95,-2665102.0,251.06,250.97,255.26
2023-08-03,243.09,248.06,241.425,247.0,341748.0,253.21300000000002,249.98617612958085,0.12164922652289079,31.212785946819807,-6.159999999999997,263.092156367135,243.33384363286507,4.542700000000001,426313.5,-2323354.0,244.86,245.19,253.16
2023-08-04,246.97,249.61,245.03,245.72,339483.0,252.82450000000003,249.57987364104935,-0.19750627655119501,30.47735616809412,-6.719999999999999,263.25359790719614,242.39540209280392,4.545200000000004,429795.8,-2662837.0,247.0,247.18,252.44
2023-08-07,246.95,247.99,246.04,246.78,357512.0,252.348,249.31321900856847,-0.36094828876656493,30.070790999661668,-4.930000000000007,262.97552256123043,241.7204774387696,4.510557142857148,429969.85,-2305325.0,245.72,248.91,251.71
2023-08-08,243.84,245.09,242.0834,244.54,469162.0,251.63850000000002,248.85862672203814,-0.6631614841347186,32.28684730826119,-7.8700000000000045,262.3662530388776,240.91074696112247,4.280314285714289,435431.25,-2774487.0,246.78,251.06,252.41
2023-08-09,252.0,261.8,248.545,260.04,723527.0,251.74650000000003,249.92351941517737,0.34146670650829947,57.8790654876247,9.070000000000022,262.7780132807402,240.71498671925985,4.869242857142863,456338.8,-2050960.0,244.54,244.86,250.97
2023-08-10,262.62,272.37,261.11,268.61,902533.0,252.152,251.70318423277953,1.8069563862717928,65.69598134498655,23.420000000000016,264.98709268414194,239.316907315858,5.324600000000004,480776.7,-1148427.0,260.04,247.0,245.19
2023-08-11,267.46,267.97,263.92,265.54,493361.0,252.47949999999997,253.02097621061006,2.6900524279022306,62.841225610403406,18.360000000000014,266.34234921728,238.61665078271997,5.403328571428576,485721.0,-1641788.0,268.61,245.72,247.18
2023-08-14,266.21,267.17,264.69,266.9,292650.0,252.90050000000002,254.34278800007576,3.459564105462107,63.291139224251026,17.98999999999998,267.98795240257573,237.81304759742432,5.3979714285714335,478627.6,-1349138.0,265.54,246.78,248.91
2023-08-15,266.86,268.58,264.39,264.51,622277.0,253.13950000000006,255.31109390483044,3.832652931714648,62.20699601747389,13.449999999999989,268.8221709258471,237.456829074153,5.475114285714292,487659.55,-1971415.0,266.9,244.54,251.06
2023-08-16,263.7,265.21,261.07,264.34,821192.0,253.5935,256.170989723418,4.067724609257425,69.20762284916935,19.47999999999996,270.0416747827593,237.14532521724075,5.251185714285719,497568.5,-2792607.0,264.51,260.04,244.86
2023-08-17,265.55,265.57,262.0,262.01,364924.0,254.036,256.7270859402353,4.019908493560621,64.77385931646077,15.009999999999991,270.9058427908935,237.16615720910653,5.238328571428576,473219.1,-3157531.0,264.34,268.61,247.0
2023-08-18,258.97,263.96,258.97,262.23,495234.0,254.52550000000002,257.2511729935463,3.954154287592587,63.68118321915499,16.51000000000002,271.76445402248817,237.28654597751188,5.3954714285714305,459758.3,-2662297.0,262.01,265.54,245.72
2023-08-21,261.82,262.75,257.9,258.05,502841.0,254.84249999999997,257.32725175606566,3.5245039250613956,56.892131713735175,11.27000000000001,272.09662277200914,237.5883772279908,5.406185714285717,462503.8,-3165138.0,262.23,266.9,246.78
2023-08-22,260.81,264.635,259.11,262.24,497330.0,255.334,257.7951325412023,3.4816053219696528,67.84394248563007,17.700000000000017,272.854346547882,237.81365345211802,5.3201142857142845,467079.85,-2667808.0,258.05,264.51,244.54
2023-08-23,262.62,265.65,260.38,264.51,540204.0,256.01099999999997,258.43464372775446,3.589217310572735,67.92955148574617,4.46999999999997,273.86455621364183,238.15744378635813,5.222614285714284,477477.8,-2127604.0,262.24,264.34,260.04
2023-08-24,264.55,266.8299,261.81,262.03,381680.0,256.853,258.77705861082546,3.4349644776630726,66.3002198495262,-6.580000000000041,274.1370968583988,239.56890314160123,5.254035714285712,477463.0,-2509284.0,264.51,262.01,268.61
2023-08-25,263.3,266.035,261.9,265.24,341088.0,257.756,259.3925768383659,3.5308144195275872,67.68876962538054,-0.30000000000001137,274.7976312537696,240.71436874623035,5.410107142857143,473537.85,-2168196.0,262.03,262.23,265.54
2023-08-28,265.4,271.92,265.4,270.84,488613.0,258.8525,260.4828076156644,4.0120419518960375,73.67662943767603,3.9399999999999977,276.31448743737786,241.39051256262218,5.661064285714289,478853.4,-1679583.0,265.24,258.05,266.9
2023-08-29,270.07,274.23,269.57,271.69,469642.0,259.88399999999996,261.5501592713154,4.411099051232441,64.24553678406852,7.180000000000007,277.838171366946,241.92982863305386,5.047135714285718,490471.2,-1209941.0,270.84,262.24,264.51
2023-08-30,271.36,274.47,270.39,273.24,341360.0,261.303,262.663477435952,4.797037353415362,56.83495716576056,8.900000000000034,278.7359646601514,243.8700353398486,4.534278571428579,489318.05,-868581.0,271.69,264.51,264.34
2023-08-31,273.01,274.93,271.61,271.73,416530.0,262.5395,263.52695577538515,4.924354502906226,59.579077659111505,9.720000000000027,279.1915559501943,245.88744404980565,4.48213571428572,493057.15,-1285111.0,273.24,262.03,262.01
2023-09-01,274.02,275.66,272.31,272.86,388830.0,263.89649999999995,264.4158171301104,5.058071086532095,59.28927678210572,10.629999999999995,279.14131105853744,248.65168894146245,4.544278571428578,495524.5,-896281.0,271.73,265.24,262.23
2023-09-05,272.08,275.239,271.035,273.18,450915.0,265.2165,265.25050121295703,5.130700731893739,64.44518490828949,15.129999999999995,278.6899128447172,251.7430871552828,4.545278571428574,500194.65,-445366.0,272.86,270.84,258.05
2023-09-06,272.87,275.63,272.07,275.48,425392.0,266.7635,266.22473919267543,5.31251515394672,67.33042934217099,13.240000000000009,276.94334236254645,256.5836576374536,4.503850000000004,498006.15,-19974.0,273.18,271.69,262.24
2023-09-07,274.13,275.23,271.83,272.07,391383.0,267.365,266.7814306981349,5.12251677752954,65.14148100806798,7.560000000000002,277.29057674315146,257.43942325684856,4.49170714285715,481398.95,-411357.0,275.48,273.24,264.51
2023-09-08,272.31,274.675,270.07,271.84,458033.0,267.52650000000006,267.2631992030744,4.896938370649821,64.45982543176525,9.810000000000002,277.6406907083162,257.4123092916839,4.464207142857155,459173.95,-869390.0,272.07,271.73,262.03
2023-09-11,273.81,274.77,270.37,272.65,318967.0,267.882,267.77622785040063,4.728985063343714,74.44742126449205,7.409999999999968,278.1999610388864,257.5640389611136,4.4320642857142944,450454.25,-550423.0,271.84,272.86,265.24
2023-09-12,271.22,274.27,270.92,272.07,345227.0,268.1405,268.18515853131487,4.497252535464327,68.72380948715676,1.2300000000000182,278.6127701002509,257.66822989974906,4.27670714285715,453083.1,-895650.0,272.65,273.18,270.84
2023-09-13,272.15,273.18,270.325,272.29,336400.0,268.5295,268.57609581404677,4.281986945044991,66.0743801270644,0.6000000000000227,279.01193136721616,258.0470686327838,4.104207142857153,438789.25,-559250.0,272.07,275.48,271.69
2023-09-14,273.85,275.0,270.22,273.67,395596.0,268.996,269.06122954604234,4.174583522403566,75.1948051492326,0.4300000000000068,279.5237266001923,258.4682733998077,4.087071428571436,417509.45,-163654.0,272.29,272.07,273.24
2023-09-15,271.91,275.82,271.12,272.86,657791.0,269.5385,269.42301720832404,3.978263212254717,68.40579705518445,1.1299999999999955,279.6608780750727,259.4161219249273,4.127428571428575,432152.8,-821445.0,273.67,271.84,271.73
2023-09-18,271.81,275.47,271.46,275.09,262473.0,270.18149999999997,269.9627298551503,3.9569576513545712,62.26197340613571,2.2299999999999613,279.97766525402585,260.3853347459741,3.9481428571428614,420514.75,-558972.0,272.86,272.65,272.86
2023-09-19,275.74,276.77,273.935,274.32,409190.0,270.995,270.3777079641836,3.833760600663652,57.62318835903044,1.1399999999999864,279.1067367859284,262.88326321407163,3.8177857142857152,415832.2,-968162.0,275.09,272.07,273.18
2023-09-20,275.63,278.35,274.19,275.18,307697.0,271.642,270.83506911045185,3.762136120830064,55.857487875482796,-0.30000000000001137,278.82448337056155,264.45951662943844,3.8234999999999997,406350.55,-660465.0,274.32,272.29,275.48
2023-09-21,273.13,273.22,268.07,269.95,417637.0,271.91400000000004,270.75077681421834,3.2460255428405276,45.61143981072182,-2.1200000000000045,278.3304440061597,265.49755599384036,3.9542142857142886,400222.2,-1078102.0,275.18,273.67,272.07
2023-09-22,270.49,271.56,269.06,269.98,300512.0,272.31149999999997,270.6773694985785,2.8070662072101413,42.49217932247707,-1.8599999999999568,276.86406677166815,267.7589332283318,3.893500000000001,396163.8,-777590.0,269.95,272.86,271.84
2023-09-25,268.79,271.57,268.3,271.27,349728.0,272.613,270.73381049871386,2.534050059048809,45.260545874260615,-1.3799999999999955,275.7822077708329,269.4437922291671,3.8267857142857173,396595.8,-427862.0,269.98,275.09,272.65
2023-09-26,269.63,270.43,261.37,261.55,545349.0,272.14849999999996,269.85916187978876,1.5160155098217274,24.737032994330107,-10.519999999999982,277.99998932908466,266.29701067091526,4.21964285714286,399432.6,-973211.0,271.27,274.32,272.07
2023-09-27,262.66,263.23,256.45,258.86,409984.0,271.507,268.8116226531422,0.4865811572109351,25.400372426234455,-13.430000000000007,279.85197289579486,263.16202710420515,4.461071428571431,396449.7,-1383195.0,261.55,275.18,272.29
2023-09-28,258.71,260.5475,257.425,258.53,502394.0,270.7715,267.8324204957001,-0.35182043352500614,25.306122435833544,-15.140000000000043,280.87999830067304,260.66300169932697,4.355178571428573,404501.4,-1885589.0,258.86,269.95,273.67
2023-09-29,260.04,260.8,254.51,255.34,452063.0,269.952,266.64266616277627,-1.2591162686666735,20.4909648725921,-17.52000000000001,282.1705718865726,257.7334281134274,4.490178571428577,406278.05,-2337652.0,258.53,269.98,272.86
2023-10-02,254.94,257.42,254.08,255.88,416756.0,269.103,265.61765033775,-1.9125386349222708,22.362581075005906,-19.20999999999998,282.74729952301175,255.45870047698827,4.489464285714293,407674.35,-1920896.0,255.34,271.27,275.09
2023-10-03,253.74,255.38,247.21,249.77,255379.0,267.9325,264.1083503055833,-2.89003455289469,17.99317793485197,-24.549999999999983,283.919563026413,251.945436973587,4.869107142857148,397897.55,-2176275.0,255.88,261.55,274.32
2023-10-04,250.96,253.4,249.08,251.32,383603.0,266.72450000000003,262.890412181242,-3.4993087828014495,18.38755303373607,-23.860000000000014,283.91604930099084,249.53295069900923,4.836250000000007,395808.1,-1792672.0,249.77,258.86,275.18
2023-10-05,250.08,253.53,249.265,252.07,320712.0,265.7245,261.85989673540945,-3.876957772399919,20.54406346592178,-17.879999999999995,283.90511139033265,247.54388860966733,4.80517857142858,392274.55,-1471960.0,251.32,258.53,269.95
2023-10-06,251.38,257.13,250.46,254.54,295087.0,264.85949999999997,261.1627637129895,-3.931634562559907,21.080776800024438,-15.440000000000026,283.45643633512276,246.26256366487718,4.995178571428576,384127.25,-1176873.0,252.07,255.34,269.98
2023-10-09,250.3,259.76,250.3,259.63,353354.0,264.2085,261.0167862165143,-3.523661057212678,31.568381419273322,-11.639999999999986,282.56719766622837,245.84980233377166,5.468392857142861,385846.6,-823519.0,254.54,255.88,271.27
2023-10-10,260.25,264.41,259.37,261.45,332379.0,263.6775,261.05804467208435,-3.0186939178403236,33.178142600722964,-0.10000000000002274,281.689866366062,245.66513363393798,5.531250000000004,385204.2,-491140.0,259.63,249.77,261.55
2023-10-11,260.74,262.66,254.74,256.24,418590.0,262.875,260.599183274743,-3.0042459444735528,33.194410383311535,-2.6200000000000045,280.7009213979023,245.04907860209772,5.729107142857146,389313.7,-909730.0,261.45,251.32,258.86
2023-10-12,257.95,257.95,247.06,248.9,537255.0,261.6365,259.48497534381505,-3.54417761067873,28.087318079142918,-9.629999999999967,279.74417476135847,243.52882523864156,6.328392857142859,396396.65,-1446985.0,256.24,252.07,258.53
2023-10-13,248.9,251.36,247.185,249.42,330899.0,260.4645,258.5264062634517,-3.885331836949149,26.91738854052724,-5.920000000000016,278.547767607609,242.38123239239096,6.393035714285718,380052.05,-1116086.0,248.9,254.54,255.34
2023-10-16,252.11,252.715,248.64,249.94,514217.0,259.207,257.7086532859801,-4.066860900889509,34.77576709974136,-5.939999999999998,276.48799302702196,241.92600697297803,6.036964285714291,392639.25,-601869.0,249.42,259.63,255.88
2023-10-17,248.83,253.38,248.69,251.65,501915.0,258.07349999999997,257.13163868731533,-4.02633498837713,40.29609688925582,1.8799999999999955,274.10973827132534,242.03726172867462,5.887678571428574,397275.5,-99954.0,249.94,261.45,249.77
2023-10-18,249.55,250.005,246.87,247.76,307393.0,256.7025,256.23910166947576,-4.258997618391049,36.772291807545756,-3.5600000000000023,271.1950213018368,242.20997869816316,5.888571428571431,397260.3,-407347.0,251.65,256.24,251.32
2023-10-19,247.76,248.535,241.26,241.97,314423.0,255.30349999999999,254.88013960571615,-4.854606518659494,34.56476563186544,-10.099999999999994,269.81348824766417,240.7935117523358,5.958928571428572,392099.6,-721770.0,247.76,248.9,252.07
2023-10-20,242.36,242.4,238.88,239.0,421833.0,253.7545,253.3677453575527,-5.502841021357028,31.54787930822758,-15.539999999999992,268.2820078095962,239.22699219040376,5.971785714285716,398165.65,-1143603.0,241.97,249.42,254.54
2023-10-23,237.65,239.22,236.88,238.32,337824.0,252.10699999999997,251.9346267520715,-6.002248869995952,35.797568829045716,-21.310000000000002,265.7152499744973,238.49875002550263,5.5553571428571455,397570.45,-1481427.0,239.0,249.94,259.63
2023-10-24,239.61,242.99,237.96,240.79,375989.0,251.06900000000002,250.8732337280647,-6.128090593883655,37.230172192063485,-20.659999999999997,264.81084221159625,237.3271577884038,5.606071428571432,389102.45,-1105438.0,238.32,251.65,261.45
2023-10-25,238.11,238.805,230.315,230.89,533621.0,249.6705,248.97006861110614,-6.946565614850272,28.97975386253043,-25.350000000000023,265.5937229943031,233.7472770056969,5.907857142857146,395284.3,-1639059.0,240.79,247.76,256.24
2023-10-26,230.72,234.89,227.49,228.57,934323.0,248.17249999999999,247.02720493385794,-7.693722694783531,24.148914984310466,-20.330000000000013,266.09759663777777,230.2474033622222,5.960000000000002,416880.75,-2573382.0,230.89,241.97,248.9
2023-10-27,228.95,228.95,221.45,221.9,655610.0,246.50050000000002,244.63413779730004,-8.723488376535045,13.588110399725267,-27.519999999999982,267.5726951745345,225.42830482546555,5.820000000000003,427058.1,-3228992.0,228.57,239.0,249.42
2023-10-30,223.56,224.825,220.39,222.56,799909.0,244.8345,242.53183895946194,-9.37822299036938,11.609081931638158,-27.379999999999995,267.95359256551006,221.71540743448995,5.776785714285716,446215.75,-2429083.0,221.9,238.32,249.94
2023-10-31,223.14,225.928,222.67,225.17,640576.0,243.6045,240.87833048713222,-9.57611674667126,17.669094687879934,-26.480000000000018,268.18911005545823,219.01988994454175,5.443785714285716,465475.6,-1788507.0,222.56,240.79,251.65
2023-11-01,225.77,228.8,224.075,228.6,500162.0,242.4685,239.70896567883392,-9.348419695524228,27.004984132803116,-19.159999999999997,267.64455652411147,217.29244347588855,5.003428571428576,471303.55,-1288345.0,225.17,230.89,247.76
2023-11-02,231.55,236.95,230.82,236.66,532551.0,241.698,239.41858799513545,-8.420540086863184,37.65479875140932,-5.310000000000002,266.5782907412356,216.8177092587644,5.143071428571432,481895.5,-755794.0,228.6,228.57,241.97
2023-11-03,239.34,239.785,236.32,236.66,472400.0,240.804,239.15586532893207,-7.597608192954169,37.02111023224599,-2.3400000000000034,265.01737985929515,216.59062014070486,5.099500000000002,490761.15,-755794.0,236.66,221.9,239.0
2023-11-06,236.72,237.195,232.455,233.41,610973.0,239.493,238.60864005950995,-7.125533045159102,32.694497145014736,-4.909999999999997,262.2074536410304,216.77854635896958,5.10307142857143,503642.1,-1366767.0,236.66,222.56,238.32
2023-11-07,233.18,234.79,231.69,233.43,656230.0,238.092,238.11543624431852,-6.672875387886052,35.3266434467628,-7.359999999999985,258.4371249559613,217.74687504403875,5.100571428571429,519834.65,-710537.0,233.41,225.17,240.79
2023-11-08,232.71,236.54,232.71,235.54,668820.0,237.05700000000002,237.87015660200245,-6.073868299337732,42.879291238088356,4.650000000000006,255.53531058579918,218.57868941420085,4.8545,532346.15,-41717.0,233.43,228.6,230.89
2023-11-09,233.0,233.0,221.37,228.75,933281.0,236.0495,237.0015702589546,-6.076987490809472,39.53440881042511,0.18000000000000682,253.99870490835457,218.10029509164542,5.433785714285713,552147.45,-974998.0,235.54,236.66,228.57
2023-11-10,230.33,232.87,229.1101,231.21,577114.0,235.13899999999998,236.44999213905416,-5.813941012240036,42.99507387976492,9.310000000000002,252.04989079168848,218.22810920831148,5.535207142857142,564458.2,-397884.0,228.75,236.66,221.9
2023-11-13,229.97,230.95,228.51,229.14,472397.0,234.099,235.7538024115252,-5.706720812123535,38.4309831074869,6.579999999999984,249.6836279188313,218.5143720811687,5.350207142857142,562367.2,-870281.0,231.21,233.41,222.56
2023-11-14,233.6,235.28,231.06,234.01,456239.0,233.217,235.58772599137993,-5.169196794732045,53.44218886257302,8.840000000000003,246.43656142277501,219.997438577225,5.045207142857142,560083.4,-414042.0,229.14,233.43,225.17
2023-11-15,233.6,236.82,233.23,235.86,444270.0,232.622,235.61365684934376,-4.541574677009862,58.127090282858894,7.260000000000019,244.0329911927052,221.21100880729483,4.773064285714286,566927.25,30228.0,234.01,235.54,228.6
2023-11-16,235.55,237.15,230.83,231.99,479707.0,232.123,235.26854667321578,-4.306807038037647,61.9976218580745,-4.6699999999999875,242.65150986607296,221.59449013392702,4.688778571428571,575191.45,-449479.0,235.86,228.75,236.66
2023-11-17,234.06,234.06,231.01,232.81,377690.0,231.81349999999998,235.03439937100475,-4.0083792889602705,62.141672568822926,-3.8499999999999943,241.84291206231873,221.78408793768122,4.58985,572984.3,-71789.0,231.99,231.21,236.66
2023-11-20,232.92,235.46,231.13,235.3,320277.0,231.6625,235.0596946690043,-3.5302579784140846,62.03373720911209,1.8900000000000148,241.3650593476532,221.9599406523468,4.66642142857143,572106.95,248488.0,232.81,229.14,233.41
2023-11-21,234.58,234.83,232.54,232.58,224075.0,231.252,234.82353327195628,-3.3324090196767315,54.80908649668133,-0.8499999999999943,239.97370577232135,222.53029422767867,4.4924928571428575,564511.25,24413.0,235.3,234.01,233.43
2023-11-22,233.5,234.33,232.64,233.67,228539.0,231.391,234.7136729603414,-3.0524720050493954,45.65533273353167,-1.8700000000000045,240.1767897227641,222.60521027723587,4.175350000000003,549257.15,252952.0,232.58,235.86,235.54
2023-11-24,233.7,234.8,233.65,234.01,110220.0,231.663,234.64665648792794,-2.771239781142384,46.18705034110449,5.259999999999991,240.41784130728738,222.90815869271265,4.00999285714286,508052.0,363172.0,233.67,231.99,228.75
2023-11-27,233.04,234.08,230.68,231.66,318321.0,232.15099999999998,234.3622130128872,-2.7067832892813612,47.41506645010899,0.44999999999998863,239.6060636977049,224.69593630229505,3.914278571428576,491187.55,44851.0,234.01,232.81,231.21
2023-11-28,231.9,235.45,231.3,235.12,421264.0,232.779,234.43438320213605,-2.349426800252587,52.266023042860695,5.980000000000018,238.81285850190807,226.74514149809193,3.989278571428575,472255.3,466115.0,231.66,235.3,229.14
2023-11-29,237.74,240.45,237.1,237.23,494366.0,233.382,234.70063242098024,-1.874354342311051,52.266023042860695,3.219999999999999,238.56451554444524,228.19948445555477,3.9549928571428614,464944.8,960481.0,235.12,232.58,234.01
2023-11-30,237.98,240.89,236.155,240.5,558355.0,233.977,235.25295314279165,-1.2199329869094981,67.39709798804975,4.639999999999986,239.56449769810342,228.38950230189658,3.4624928571428604,467854.45,1518836.0,237.23,233.67,235.86
2023-12-01,239.96,251.82,239.96,251.63,971967.0,234.7255,236.8126718910972,0.19455189793708882,74.05749290676707,19.639999999999986,244.36664532396904,225.08435467603098,4.0410714285714295,489825.25,2490803.0,240.5,234.01,231.99
2023-12-04,249.33,255.63,249.33,251.6,737209.0,235.4725,238.22098885384986,1.298156221465831,77.79702967601094,18.789999999999992,247.71020510822123,223.23479489177876,4.3167857142857144,503065.7,1753594.0,251.63,231.66,232.81
2023-12-05,251.1,252.825,247.87,250.94,558161.0,236.34900000000002,239.4323232487213,2.0953602581225823,73.39043931949529,15.639999999999986,250.3489351878197,222.34906481218033,4.369285714285714,500425.1,1195433.0,251.6,235.12,235.3
2023-12-06,253.32,253.59,250.26,251.23,511067.0,237.23899999999998,240.55591151074785,2.719205343362347,72.19174123561407,18.649999999999977,252.64967968718594,221.82832031281401,4.350714285714285,493166.95,1706500.0,250.94,237.23,232.58
2023-12-07,253.16,257.19,250.81,256.06,705866.0,238.26500000000001,242.0324913668671,3.562282597586659,83.81567852842318,22.390000000000015,255.78709372252774,220.7429062774723,4.3549999999999995,495019.25,2412366.0,251.23,240.5,233.67
2023-12-08,255.6,258.41,254.61,256.09,546414.0,239.63199999999998,243.37130171287976,4.1846105051623965,83.44827582849783,22.079999999999984,258.25956599067183,221.00443400932815,4.408571428571428,475675.9,2958780.0,256.06,251.63,234.01
2023-12-11,256.21,260.59,256.21,258.43,411991.0,240.993,244.80546345451026,4.811167578060747,83.37662334293587,26.77000000000001,260.95914408126106,221.02685591873896,4.412142857142856,467419.75,3370771.0,256.09,251.6,231.66
2023-12-12,258.55,260.005,258.02,258.22,358463.0,242.44700000000003,246.08303836360452,5.230479618038572,89.88799000440481,23.100000000000023,263.005345315352,221.8886546846481,4.390357142857141,461723.05,3012308.0,258.43,250.94,235.12
2023-12-13,257.92,264.87,257.72,264.57,510291.0,243.975,247.84370137659457,6.00594528205184,91.31016039362727,27.340000000000003,266.35504233098834,221.59495766901162,4.780357142857137,464425.65,3522599.0,258.22,251.23,237.23
2023-12-14,267.76,272.12,267.1,272.1,641252.0,245.78699999999998,250.15382505501412,7.145742394621294,92.71137023328198,31.600000000000023,271.07943872864166,220.4945612713583,5.0567857142857076,474274.75,4163851.0,264.57,256.06,240.5
2023-12-15,270.33,278.0,270.29,277.43,1638186.0,248.05900000000003,252.75155600215564,8.382497115122703,98.10805126395816,25.80000000000001,276.14268314426295,219.97531685573713,5.364642857142848,532198.7,5802037.0,272.1,256.09,251.63
2023-12-18,278.76,279.365,274.72,277.95,764497.0,250.31600000000003,255.15140781147414,9.297418802975102,97.98341919400032,26.349999999999994,280.422309462863,220.20969053713708,5.3999999999999915,551539.05,6566534.0,277.43,258.43,251.6
2023-12-19,279.26,281.44,277.685,278.6,440939.0,252.481,257.3846070675242,9.960136010082977,97.91521887026151,27.660000000000025,284.2237547638825,220.73824523611748,5.428928571428563,557572.15,7007473.0,277.95,258.22,250.94
2023-12-20,277.67,280.49,274.06,275.16,496414.0,254.61000000000004,259.0775016325219,10.09143752769134,89.98615594693577,23.930000000000035,286.4442622441854,222.7757377558147,5.549999999999993,571189.1,6511059.0,278.6,264.57,251.23
2023-12-21,277.13,278.15,274.64,277.03,393035.0,256.778,260.78726338180553,10.22848047970814,87.26525818011409,20.96999999999997,288.51346752369267,225.04253247630734,4.953571428571422,579413.9,6904094.0,275.16,272.1,256.06
2023-12-22,278.52,279.7,275.72,277.42,425647.0,258.9485,262.3713335359193,10.250397471785448,87.48548196211398,21.33000000000004,290.0591800243732,227.8378199756269,4.787857142857135,595185.25,7329741.0,277.03,277.43,256.09
2023-12-26,277.72,279.235,277.245,278.75,207221.0,261.303,263.9312065324984,10.256851959258938,89.60410135988448,20.319999999999993,290.80399809194654,231.80200190805346,4.576071428571423,589630.25,7536962.0,277.42,277.95,258.43
2023-12-27,279.91,283.03,278.025,282.98,346477.0,263.696,265.7453773389271,10.482457155628367,90.65300893036773,24.75999999999999,291.99433947146167,235.39766052853838,4.695714285714279,585890.9,7883439.0,278.75,278.6,258.22
2023-12-28,282.25,283.89,280.88,282.46,300375.0,265.9575,267.3372461637912,10.498273703115217,87.9965457331044,17.889999999999986,292.526702491844,239.38829750815597,4.454999999999992,576191.35,7583064.0,282.98,275.16,264.57
2023-12-29,282.55,284.39,281.47,282.61,350853.0,268.063,268.791794148192,10.40299291725023,88.03786571335253,10.509999999999991,292.74493807966456,243.38106192033538,4.392142857142845,565816.25,7933917.0,282.46,277.03,272.1
2024-01-02,281.26,282.44,279.07,281.56,372429.0,269.55949999999996,270.00781375312613,10.12602948247212,84.45040210955294,4.1299999999999955,293.66901371510676,245.44998628489319,4.319999999999989,535839.35,7561488.0,282.61,277.42,277.43
2024-01-03,278.71,281.13,275.59,278.99,535331.0,270.929,270.8632600623522,9.588624915091088,78.90342329238379,1.0400000000000205,293.82421292184927,248.03378707815068,4.573928571428561,525745.45,7026157.0,281.56,278.75,277.95
2024-01-04,278.01,282.2713,278.01,280.88,341545.0,272.426,271.81723529450915,9.209078467513507,75.91356844414389,2.2799999999999727,293.67414929402145,251.17785070597853,4.367592857142848,514914.65,7367702.0,278.99,282.98,278.6
2024-01-05,279.73,284.18,278.99,280.76,351521.0,273.90250000000003,272.66892717122255,8.797193601588845,67.9966749396527,5.599999999999966,292.9378265770438,254.8671734229563,4.379735714285707,506937.35,7016181.0,280.88,282.46,275.16
2024-01-08,282.58,284.7,281.35,284.39,266735.0,275.319,273.7852198215823,8.663811300372629,65.56350622013008,7.360000000000014,292.9266286098704,257.7113713901296,4.068307142857135,484980.8,7282916.0,280.76,282.61,277.03
2024-01-09,282.6,285.2,282.05,283.69,263872.0,276.699,274.72853221952687,8.404736176294989,62.73291921569381,6.269999999999982,292.15601666591886,261.24198333408117,3.96152142857142,470853.7,7019044.0,284.39,281.56,277.42
2024-01-10,283.67,283.9,279.82,280.26,241518.0,277.7905,275.25533867481005,7.8323585462775895,53.278041044790896,1.509999999999991,290.68655321100294,264.8944467889971,3.984735714285705,462330.05,6777526.0,283.69,278.99,278.75
2024-01-11,280.99,281.32,277.56,279.48,238198.0,278.8535,275.6576873724472,7.232434694846404,59.53221532067734,-3.5,287.88227802537773,269.82472197462226,3.794021428571418,456316.8,6539328.0,280.26,280.88,282.98
2024-01-12,282.07,284.0,280.25,283.99,258770.0,279.8245,276.45124095602364,7.03975986531583,63.754940676183075,1.5300000000000296,286.16107544901166,273.48792455098834,3.811164285714276,443740.75,6798098.0,279.48,280.76,282.46
2024-01-16,282.2,284.19,280.04,283.99,324749.0,280.419,277.1692180078309,6.808578613272687,63.18747487416198,1.3799999999999955,285.8738439120865,274.96415608791347,3.8233071428571344,427915.6,6798098.0,283.99,284.39,282.61
2024-01-17,281.22,283.005,277.13,277.93,439621.0,280.444,277.24167343565654,6.066444469509236,48.616734120086576,-3.6299999999999955,285.8454867349029,275.0425132650971,4.100807142857134,367987.35,6358477.0,283.99,283.69,281.56
2024-01-18,278.16,280.19,272.58,277.56,422828.0,280.42449999999997,277.2719902513083,5.386351410656459,39.487975153109694,-1.4300000000000068,285.8665602716217,274.9824397283782,4.286878571428564,350903.9,5935649.0,277.93,280.26,278.99
2024-01-19,279.15,282.945,276.765,282.86,297896.0,280.6375,277.8041816559456,5.214923905912428,50.65445023857458,1.9800000000000182,286.1122569039966,275.1627430960034,4.513307142857136,343751.75,6233545.0,277.56,279.48,280.88
2024-01-22,284.32,288.11,284.32,287.46,307033.0,281.2525,278.72378340299844,5.388136708858724,56.926592379406635,6.699999999999989,286.8972567660026,275.6077432339974,4.575449999999997,334282.7,6540578.0,282.86,283.99,280.76
2024-01-23,288.3,288.95,285.425,288.46,253896.0,281.82399999999996,279.6510421265224,5.54221352767928,59.86842102865679,4.069999999999993,287.9616642222613,275.68633577773863,4.586521428571424,327325.75,6794474.0,287.46,283.99,284.39
2024-01-24,290.2,290.29,285.77,287.4,255217.0,282.323,280.3890381144726,5.51521147307443,62.57100146858012,3.7099999999999795,288.5747941845745,276.07120581542546,4.513664285714283,318804.25,6539257.0,288.46,277.93,283.69
2024-01-25,288.8,294.035,288.8,293.8,439579.0,283.0755,281.6662725797609,5.941745768167266,67.01791356853926,13.54000000000002,290.9332282775732,275.21777172242673,4.583214285714283,330422.15,6978836.0,287.4,277.56,280.26
2024-01-26,293.63,296.5,292.975,294.01,289623.0,283.627,282.8418656674027,6.22496498506581,67.41130089503923,14.529999999999973,292.88078579711635,274.3732142028837,4.46428571428571,327579.45,7268459.0,293.8,282.86,279.48
2024-01-29,292.61,297.78,292.4,297.27,393314.0,284.3675,284.21597369907863,6.635977524707641,67.09129509184507,13.279999999999973,295.4229332915143,273.3120667084857,4.609285714285712,332226.4,7661773.0,294.01,287.46,283.99
2024-01-30,296.27,298.48,295.86,296.93,331653.0,285.08349999999996,285.42683334678543,6.855249715974196,67.73847800245613,12.939999999999998,297.4381867731692,272.7288132268307,4.571428571428571,331266.4,7330120.0,297.27,288.46,283.99
2024-01-31,296.65,296.7,289.31,289.93,449131.0,285.502,285.8557063613773,6.390517218153718,61.82440692429591,12.0,297.92102208201794,273.0829779179821,4.807857142857143,335101.5,6880989.0,296.93,287.4,277.93
2024-02-01,290.32,295.235,288.44,294.55,413148.0,286.28000000000003,286.6837343269604,6.322131089729794,66.84551752882099,16.99000000000001,298.928752798928,273.6312472010721,5.024642857142859,328992.35,7294137.0,289.93,293.8,277.56
2024-02-02,292.94,298.0685,292.94,295.95,244542.0,287.0335,287.56623581963083,6.30818602611231,64.368092241683,13.089999999999975,300.1158356598031,273.9511643401969,5.123107142857143,324142.2,7538679.0,294.55,294.01,282.86
2024-02-05,293.73,295.43,291.39,291.58,366300.0,287.5745,287.9484990749041,5.876768313470052,58.251793850499546,4.1200000000000045,300.4578707178129,274.6911292821871,5.115250000000003,324881.15,7172379.0,295.95,297.27,287.46
2024-02-06,290.87,292.145,285.22,286.99,716976.0,287.70449999999994,287.85721344872275,5.1056374730116545,60.17520213741123,-1.4699999999999704,300.50477544933756,274.9042245506623,5.19025,347393.2,6455403.0,291.58,296.93,288.46
2024-02-07,288.85,293.71,286.29,291.99,700616.0,288.1195,288.25081216789204,4.842151573169929,64.67955237221744,4.590000000000032,300.90994293706376,275.3290570629363,5.1766785714285675,369230.4,7156019.0,286.99,289.93,287.4
2024-02-08,270.5,275.45,259.25,265.12,1436919.0,287.3625,286.04787767571185,2.4370600324876364,37.45757917810509,-28.680000000000007,303.4727946818737,271.2522053181263,5.892392857142852,429000.45,5719100.0,291.99,294.55,293.8
2024-02-09,268.12,275.53,266.37,273.4,917883.0,287.0585,284.8433178970726,1.1854690324819899,40.55107526118661,-20.610000000000014,304.0029408210129,270.1140591789871,6.275964285714276,462984.7,6636983.0,265.12,295.95,294.01
2024-02-12,273.4,274.47,266.9001,270.96,654752.0,286.40700000000004,283.52109714497044,-0.003275677106501007,38.462552735515864,-26.310000000000002,304.7891928707325,268.0248071292676,6.564885714285708,482783.8,5982231.0,273.4,291.58,297.27
2024-02-13,266.37,269.93,264.68,268.75,532230.0,285.645,282.1143259883066,-1.1108873169088156,37.88803740056588,-28.180000000000007,305.6416507721975,265.64834922780244,6.617028571428563,493157.85,5450001.0,270.96,286.99,296.93
2024-02-14,270.36,272.39,267.865,272.38,470656.0,285.3675,281.1872473227536,-1.6764419066067262,35.5699272366211,-17.55000000000001,305.96010252972735,264.77489747027266,6.566314285714275,494709.6,5920657.0,268.75,291.99,289.93
2024-02-15,274.05,277.03,273.7,275.38,480442.0,285.2585,280.634176149158,-1.8611192619607095,37.904168282941704,-19.170000000000016,306.047252297943,264.4697477020571,6.552385714285704,497590.3,6401099.0,272.38,265.12,294.55
2024-02-16,275.06,276.19,269.095,271.62,419924.0,284.6965,279.7756831825715,-2.2845431561357827,33.45374789745382,-24.329999999999984,306.3480809803195,263.04491901968055,6.674885714285701,503691.7,5981175.0,275.38,273.4,295.95
2024-02-20,269.64,273.03,268.29,272.91,433398.0,283.969,279.1218085937552,-2.487344867807508,34.69283710826281,-18.66999999999996,306.19964068494477,261.7383593150552,6.826314285714269,510009.95,6414573.0,271.62,270.96,291.58
2024-02-21,274.26,275.17,272.02,274.3,416195.0,283.261,278.66258872768327,-2.507006103758613,39.272477686344324,-12.689999999999998,305.7893530362581,260.73264696374196,6.52345714285713,518124.9,6830768.0,272.91,268.75,286.99
2024-02-22,277.1,277.2,273.675,275.83,285961.0,282.6825,278.39281837266583,-2.3717890614763633,36.58256879999772,-16.160000000000025,305.3570717768411,260.0079282231589,6.289885714285698,519662.1,7116729.0,274.3,272.38,291.99
2024-02-23,277.06,282.61,277.06,281.2,453579.0,282.0525,278.6601690038405,-1.8104448055163402,39.9972873923781,16.079999999999984,304.11846796211813,259.9865320378819,6.319992857142844,520362.1,7570308.0,275.83,275.38,265.12
2024-02-26,280.27,282.89,278.15,278.31,322126.0,281.26750000000004,278.6268195749033,-1.5805546229039464,40.81660898863069,4.910000000000025,302.6487902717346,259.8862097282655,6.369992857142843,521987.25,7248182.0,281.2,271.62,273.4
2024-02-27,278.31,279.52,276.195,278.55,344499.0,280.3315,278.6195034249125,-1.3632839152908787,43.78497789966142,7.590000000000032,300.3593272463711,260.3036727536289,6.112849999999988,519546.5,7592681.0,278.31,272.91,270.96
2024-02-28,276.98,277.37,273.88,275.66,332334.0,279.26800000000003,278.33764595587326,-1.4080628778380628,37.58929927760677,6.910000000000025,297.7867411189728,260.74925888102723,5.832135714285706,519580.55,7260347.0,278.55,274.3,268.75
2024-02-29,277.58,281.09,276.29,279.27,602273.0,278.735,278.42644157912343,-1.139122614691587,66.63531622541986,6.889999999999986,296.5623763456201,260.9076236543799,5.0178499999999895,527237.65,7862620.0,275.66,275.83,272.38
2024-03-01,280.9,281.42,274.3,276.6,536792.0,277.8375,278.2524947620641,-1.1284244212647536,54.33369445393638,1.2200000000000273,294.04637849621975,261.6286215037802,4.872135714285706,533419.85,7325828.0,279.27,281.2,275.38
2024-03-04,284.24,295.3,280.91,281.67,988397.0,277.12350000000004,278.5779714513913,-0.7027386791212393,63.539822986357684,10.050000000000011,291.07368396407486,263.1733160359252,5.359285714285704,570612.6,8314225.0,276.6,278.31,271.62
2024-03-05,281.12,285.99,280.05,280.61,703968.0,276.575,278.77149797983026,-0.4457741924664447,65.44270830947409,7.699999999999989,288.89985294029714,264.25014705970284,5.408571428571419,587496.0,7610257.0,281.67,278.55,272.91
2024-03-06,282.61,289.41,281.26,285.24,561444.0,276.4875,279.387545791275,0.1299760250331019,66.31979693074939,10.939999999999998,288.52246113303386,264.45253886696617,5.667499999999994,579719.4,8171701.0,280.61,275.66,274.3
2024-03-07,286.77,293.14,286.3097,293.07,790986.0,276.5415,280.6906366682964,1.2041965350404098,69.99773906895851,17.24000000000001,288.8753204692776,264.2076795307224,5.917521428571421,584237.9,8962687.0,285.24,279.27,275.83
2024-03-08,293.0,297.5799,292.42,294.03,594752.0,277.98699999999997,281.96105222369675,2.1086804473728193,77.04561909054705,12.829999999999984,291.41276015685617,264.56123984314377,5.779299999999994,542129.55,9557439.0,293.07,276.6,281.2
2024-03-11,289.99,293.99,289.99,293.52,309838.0,278.99300000000005,283.0619043928685,2.752607382850158,75.35055347958414,15.20999999999998,293.9045654160739,264.0814345839262,5.726442857142855,511727.3,9247601.0,294.03,281.67,278.31
2024-03-12,294.84,295.25,292.135,294.67,407591.0,280.1785,284.1674373078334,3.3174776872737652,75.20415736073114,16.120000000000005,296.1344674037468,264.2225325962532,5.723942857142853,499369.25,9655192.0,293.52,280.61,278.55
2024-03-13,294.89,299.6379,293.99,298.93,411362.0,281.6875,285.5733956594683,4.062062930068635,76.77329621986969,23.269999999999982,298.7618437879596,264.6131562120404,5.875578571428568,493325.85,10066554.0,294.67,285.24,275.66
2024-03-14,298.94,299.97,294.4,295.9,452846.0,282.86350000000004,286.55688178713797,4.357426724046036,68.01470585901458,16.629999999999995,300.47025023064094,265.25674976935915,5.877007142857143,492435.35,9613708.0,298.93,293.07,279.27
2024-03-15,292.73,297.44,291.91,295.64,628863.0,283.87649999999996,287.4219406645534,4.518439078781171,72.70107411533105,19.039999999999964,301.99425317195715,265.7587468280428,5.933435714285712,499856.4,8984845.0,295.9,294.03,276.6
2024-03-18,296.0,299.76,296.0,299.42,330062.0,285.2665,288.564612982215,4.894634632359271,75.01798127426878,17.75,303.68810205045236,266.84489794954766,5.96450714285714,495363.3,9314907.0,295.64,293.52,281.67
2024-03-19,300.0,307.22,298.56,306.39,656488.0,286.94050000000004,290.26226888867075,5.689606813098635,83.55536140708072,25.779999999999973,306.67245055313975,267.20854944686033,6.333792857142855,506517.8,9971395.0,299.42,294.67,280.61
2024-03-20,306.98,307.24,302.75,306.25,394717.0,288.538,291.7849099468926,6.236441349881829,81.87618144739453,21.00999999999999,309.11620165023834,267.9597983497617,6.311650000000002,505443.9,9576678.0,306.39,298.93,285.24
2024-03-21,307.5,309.39,305.55,305.8,352800.0,290.0365,293.1196804281409,6.557904974690814,86.40897752594202,12.730000000000018,311.07791107435474,268.99508892564523,6.077364285714286,508785.85,9223878.0,306.25,295.9,293.07
2024-03-22,306.4,306.522,303.2,303.26,334906.0,291.1395,294.08542514927035,6.532408899979316,78.73303164486921,9.230000000000018,312.540260906295,269.738739093705,5.286792857142858,502852.2,8888972.0,305.8,295.64,294.03
