Date,Open,High,Low,Close,Volume
2023-07-22,0.0361,0.0375,0.0356,0.0364,1323082.1600000006
2023-07-23,0.0362,0.0503,0.0362,0.0432,25410468.26999985
2023-07-24,0.0431,0.05,0.0366,0.0374,30271910.209999707
2023-07-25,0.0373,0.0374,0.0353,0.0361,7586852.309999998
2023-07-26,0.0361,0.0386,0.0352,0.0372,4521786.830000006
2023-07-27,0.0373,0.0419,0.037,0.0374,6015637.600000019
2023-07-28,0.0376,0.0385,0.0371,0.0373,1471809.5800000003
2023-07-29,0.0372,0.0377,0.0368,0.037,3129007.14
2023-07-30,0.037,0.0382,0.036,0.0361,1533936.3999999983
2023-07-31,0.0362,0.0371,0.0358,0.0361,1751035.870000001
2023-08-01,0.0361,0.0371,0.0354,0.037,1183996.8199999998
2023-08-02,0.0371,0.0381,0.0363,0.0366,1536655.6000000006
2023-08-03,0.0367,0.0367,0.0357,0.0358,824774.8000000004
2023-08-04,0.0359,0.0365,0.0354,0.0358,1236299.9299999992
2023-08-05,0.0357,0.0376,0.0355,0.0372,2199194.98
2023-08-06,0.0371,0.0395,0.0367,0.0367,2001867.3200000003
2023-08-07,0.0368,0.0374,0.0356,0.0365,1113355.78
2023-08-08,0.0365,0.0384,0.0362,0.0372,1427190.0699999994
2023-08-09,0.0371,0.0377,0.0366,0.037,737465.0699999996
2023-08-10,0.037,0.0465,0.0366,0.0422,12982193.51999994
2023-08-11,0.0423,0.0447,0.0385,0.0387,9201799.96999997
2023-08-12,0.0388,0.0403,0.0385,0.0396,2191074.660000002
2023-08-13,0.0395,0.0399,0.038,0.0381,1255209.65
2023-08-14,0.0381,0.0388,0.038,0.0386,2193250.980000001
2023-08-15,0.0386,0.0388,0.0365,0.0366,2162373.529999996
2023-08-16,0.0366,0.0373,0.0342,0.0346,2052823.2999999977
2023-08-17,0.0345,0.035,0.0312,0.0315,2065287.3800000015
2023-08-18,0.0316,0.0334,0.0306,0.0325,3164552.1799999997
2023-08-19,0.0326,0.0334,0.0323,0.0329,894637.2899999999
2023-08-20,0.0329,0.0331,0.032,0.0326,724060.2000000008
2023-08-21,0.0326,0.0327,0.0318,0.0322,1059398.0400000005
2023-08-22,0.0322,0.0324,0.0299,0.031,5584562.780000002
2023-08-23,0.031,0.0327,0.0309,0.0318,1342451.5499999998
2023-08-24,0.0317,0.0322,0.0312,0.0314,953002.1100000008
2023-08-25,0.0314,0.0314,0.0302,0.0308,1827083.5199999998
2023-08-26,0.0309,0.0355,0.0307,0.033,5579672.770000002
2023-08-27,0.0329,0.0336,0.0315,0.0316,3063585.369999995
2023-08-28,0.0317,0.0335,0.0308,0.0323,2046760.8300000012
2023-08-29,0.0321,0.0328,0.0311,0.0324,2102423.57
2023-08-30,0.0325,0.0327,0.0318,0.032,894202.0500000014
2023-08-31,0.0321,0.0327,0.0309,0.0311,1061922.5200000003
2023-09-01,0.0312,0.0323,0.031,0.0317,1573728.4800000011
2023-09-02,0.0318,0.0328,0.0316,0.0319,2036300.7699999977
2023-09-03,0.0319,0.0322,0.0313,0.0318,509688.47000000015
2023-09-04,0.0317,0.0377,0.0312,0.0331,8790667.149999984
2023-09-05,0.0333,0.0337,0.032,0.0321,4151942.7500000023
2023-09-06,0.0321,0.0328,0.0316,0.0318,1448305.6100000003
2023-09-07,0.0319,0.0331,0.0312,0.0327,1349404.4699999988
2023-09-08,0.0328,0.0347,0.0319,0.033,3989586.109999994
2023-09-09,0.033,0.0332,0.0321,0.0322,566131.9999999997
2023-09-10,0.0322,0.0322,0.0306,0.031,933221.7500000001
2023-09-11,0.0309,0.0312,0.0297,0.0301,2166027.710000002
2023-09-12,0.03,0.0312,0.0297,0.0301,3891378.340000004
2023-09-13,0.0301,0.0308,0.0299,0.0303,1234591.159999999
2023-09-14,0.0304,0.0314,0.0303,0.0309,1562345.0899999996
2023-09-15,0.0308,0.0333,0.0307,0.0323,3635390.0900000036
2023-09-16,0.0324,0.034,0.0319,0.0327,1709030.13
2023-09-17,0.0327,0.0327,0.0313,0.0314,652274.5799999996
2023-09-18,0.0315,0.0322,0.0313,0.0314,517615.97999999986
2023-09-19,0.0315,0.0322,0.0313,0.032,390730.67000000033
2023-09-20,0.032,0.0322,0.0304,0.0313,803268.6699999995
2023-09-21,0.0313,0.0324,0.0305,0.0307,921408.17
2023-09-22,0.0308,0.0325,0.0305,0.0322,706519.6200000003
2023-09-23,0.0322,0.0333,0.0316,0.0319,1438383.420000001
2023-09-24,0.0319,0.0338,0.0316,0.0317,2701809.860000003
2023-09-25,0.0317,0.0359,0.0315,0.0334,5779682.550000005
2023-09-26,0.0334,0.0334,0.0321,0.0326,2011873.0899999987
2023-09-27,0.0327,0.0334,0.0322,0.0325,1231374.39
2023-09-28,0.0324,0.0336,0.0324,0.0329,1064635.82
2023-09-29,0.0328,0.0333,0.0324,0.0326,1334078.23
2023-09-30,0.0326,0.0345,0.0326,0.0336,1719039.9600000002
2023-10-01,0.0336,0.0343,0.0333,0.034,808584.6399999997
2023-10-02,0.034,0.0348,0.0329,0.0333,1314535.9700000007
2023-10-03,0.0332,0.0333,0.0313,0.0317,1642751.8500000006
2023-10-04,0.0317,0.0321,0.031,0.0316,773615.2099999997
2023-10-05,0.0316,0.0324,0.031,0.0313,970446.9499999995
2023-10-06,0.0312,0.0324,0.0311,0.0319,756381.5300000005
2023-10-07,0.0319,0.032,0.0312,0.0315,694815.53
2023-10-08,0.0316,0.0316,0.0309,0.0313,543997.2500000003
2023-10-09,0.0313,0.0316,0.0296,0.0299,1494946.8400000003
2023-10-10,0.0299,0.0303,0.0295,0.0299,1105651.5400000003
2023-10-11,0.0298,0.0308,0.0291,0.0298,3702481.770000003
2023-10-12,0.0297,0.0304,0.029,0.0291,1452732.89
2023-10-13,0.0293,0.0305,0.0292,0.0302,632115.2600000006
2023-10-14,0.0302,0.0303,0.0298,0.03,292433.67000000004
2023-10-15,0.0301,0.0318,0.0298,0.031,1264669.0500000005
2023-10-16,0.031,0.0324,0.0308,0.0317,1729919.28
2023-10-17,0.0317,0.0328,0.0308,0.0309,1618907.0500000003
2023-10-18,0.0308,0.0315,0.0299,0.03,605493.9700000002
2023-10-19,0.0301,0.031,0.0295,0.0302,690834.6899999995
2023-10-20,0.0302,0.0317,0.03,0.0315,1223151.4599999995
2023-10-21,0.0316,0.0327,0.0313,0.0316,1789085.5000000002
2023-10-22,0.0315,0.0334,0.0313,0.0324,1662907.0299999998
2023-10-23,0.0324,0.0334,0.0319,0.0332,915847.9700000003
2023-10-24,0.0332,0.0348,0.0327,0.0335,4007065.340000006
2023-10-25,0.0335,0.0375,0.0333,0.0357,5627222.240000007
2023-10-26,0.0357,0.0363,0.0338,0.0345,2377274.129999999
2023-10-27,0.0345,0.0364,0.0336,0.0347,2123633.490000002
2023-10-28,0.0347,0.0353,0.0344,0.035,1356839.6699999995
2023-10-29,0.0349,0.0355,0.0344,0.0352,825947.7299999999
2023-10-30,0.0352,0.0359,0.0349,0.0356,4375424.100000001
2023-10-31,0.0356,0.0357,0.0337,0.0346,2554876.1000000006
2023-11-01,0.0347,0.0359,0.0342,0.0358,1498168.4000000022
2023-11-02,0.0358,0.0363,0.0347,0.0353,1652943.1099999996
2023-11-03,0.0352,0.0368,0.0345,0.0364,997740.8300000004
2023-11-04,0.0364,0.0372,0.0357,0.0366,1215407.3600000015
2023-11-05,0.0366,0.0384,0.036,0.0368,2737841.549999997
2023-11-06,0.0368,0.0416,0.0361,0.0383,9940716.609999996
2023-11-07,0.0382,0.0404,0.0364,0.0388,6420014.820000011
2023-11-08,0.0388,0.0407,0.0385,0.0398,4760500.849999998
2023-11-09,0.0397,0.0419,0.0389,0.0413,6249306.409999988
2023-11-10,0.0413,0.0448,0.04,0.0428,9597010.450000012
2023-11-11,0.0429,0.0436,0.0413,0.0423,5822428.1300000055
2023-11-12,0.0423,0.0444,0.0413,0.0436,3600754.4299999936
2023-11-13,0.0435,0.0442,0.0405,0.0406,3216248.81
2023-11-14,0.0405,0.0409,0.0381,0.0392,4713594.689999998
2023-11-15,0.0392,0.0424,0.038,0.0419,4983595.690000003
2023-11-16,0.0419,0.0423,0.0392,0.0397,3190987.239999996
2023-11-17,0.0397,0.0405,0.0386,0.0398,1843131.6600000006
2023-11-18,0.0398,0.0398,0.0374,0.0393,1373147.5299999998
2023-11-19,0.0393,0.0401,0.0387,0.04,2479255.1200000034
2023-11-20,0.04,0.0405,0.0396,0.0399,2305190.05
2023-11-21,0.0398,0.0427,0.0366,0.0366,6757326.110000009
2023-11-22,0.0366,0.0391,0.0364,0.039,5236028.499999997
2023-11-23,0.039,0.0394,0.0378,0.0387,3848628.8899999936
2023-11-24,0.0388,0.042,0.0387,0.0403,1822986.7300000002
2023-11-25,0.0403,0.0423,0.0398,0.0411,4749129.909999993
2023-11-26,0.0409,0.0418,0.04,0.0412,5095751.359999999
2023-11-27,0.0413,0.0436,0.0397,0.0423,7957060.950000002
2023-11-28,0.0422,0.0487,0.0415,0.043,21112981.330000002
2023-11-29,0.043,0.0455,0.042,0.0422,8535886.360000003
2023-11-30,0.0422,0.0432,0.0413,0.0427,3182660.8599999994
2023-12-01,0.0428,0.0441,0.042,0.0433,4500220.439999999
2023-12-02,0.0433,0.0443,0.0426,0.044,3632724.44
2023-12-03,0.044,0.0452,0.0432,0.0438,5836536.010000003
2023-12-04,0.0438,0.0449,0.0423,0.0435,5982179.590000008
2023-12-05,0.0434,0.0475,0.0432,0.0447,8794973.920000017
2023-12-06,0.0447,0.048,0.0439,0.0447,9018820.919999996
2023-12-07,0.0447,0.0486,0.0446,0.0472,9611439.169999989
2023-12-08,0.0472,0.055,0.0461,0.0509,13653915.519999977
2023-12-09,0.0509,0.0557,0.0487,0.05,19096214.039999865
2023-12-10,0.0502,0.0531,0.0481,0.0504,8559589.699999994
2023-12-11,0.0504,0.058,0.047,0.0509,25623885.789999925
2023-12-12,0.0506,0.0543,0.048,0.0509,12227038.460000012
2023-12-13,0.0509,0.0526,0.0482,0.0519,7486288.460000003
2023-12-14,0.052,0.0537,0.0508,0.0519,8205440.250000018
2023-12-15,0.0519,0.0523,0.0492,0.0496,8632394.470000008
2023-12-16,0.0497,0.0521,0.0495,0.0503,4793419.459999999
2023-12-17,0.0504,0.0622,0.0496,0.0516,37641854.35999993
2023-12-18,0.0515,0.0588,0.0488,0.0525,28764477.969999973
2023-12-19,0.0526,0.0555,0.0507,0.0531,12069224.11999998
2023-12-20,0.053,0.056,0.0516,0.0532,9765861.25000001
2023-12-21,0.0532,0.063,0.0528,0.0592,23203967.43999996
2023-12-22,0.0592,0.0666,0.0554,0.0569,29639666.739999857
2023-12-23,0.0567,0.0603,0.0549,0.0595,13192243.400000013
2023-12-24,0.0594,0.079,0.0582,0.0656,51805293.280000545
2023-12-25,0.0659,0.0895,0.0659,0.0712,60247733.24000025
2023-12-26,0.0712,0.0728,0.0615,0.0664,21098659.229999986
2023-12-27,0.0661,0.075,0.0658,0.068,19048041.359999888
2023-12-28,0.0678,0.0715,0.06,0.0625,10056000.170000004
2023-12-29,0.0625,0.0654,0.059,0.0607,6495008.650000018
2023-12-30,0.0605,0.0623,0.0577,0.0586,5474924.610000005
2023-12-31,0.0586,0.0623,0.0575,0.058,5556735.08999999
2024-01-01,0.058,0.0664,0.0568,0.0633,7307813.770000004
2024-01-02,0.0633,0.0659,0.0628,0.0635,4139461.50999999
2024-01-03,0.0635,0.0655,0.0547,0.0569,7456868.980000011
2024-01-04,0.0569,0.0606,0.0565,0.0602,4261696.300000003
2024-01-05,0.0601,0.0604,0.0525,0.0538,6845154.329999995
2024-01-06,0.0537,0.0539,0.05,0.0508,15295606.239999996
2024-01-07,0.051,0.0526,0.0475,0.0479,14034973.329999989
2024-01-08,0.0477,0.0499,0.0447,0.049,12372220.040000008
2024-01-09,0.049,0.0501,0.044,0.0455,18092560.63000008
2024-01-10,0.0455,0.05,0.0446,0.049,12730373.769999975
2024-01-11,0.0492,0.0552,0.0486,0.053,10440776.449999977
2024-01-12,0.0531,0.0551,0.0489,0.0503,8512917.36
2024-01-13,0.0503,0.055,0.0492,0.0517,3298842.6299999948
2024-01-14,0.0516,0.0516,0.0483,0.0486,2151681.579999999
2024-01-15,0.0486,0.0517,0.0482,0.0498,4163168.6700000074
2024-01-16,0.0498,0.0519,0.049,0.0506,1927371.3199999991
2024-01-17,0.0508,0.0513,0.0492,0.0495,2599042.1299999994
2024-01-18,0.0496,0.0503,0.046,0.0465,3674098.630000001
2024-01-19,0.0468,0.0486,0.0449,0.0481,3413238.4600000004
2024-01-20,0.048,0.0548,0.0469,0.0495,6569433.150000006
2024-01-21,0.0496,0.0525,0.0486,0.0503,3298622.1100000027
2024-01-22,0.0503,0.0507,0.0453,0.0463,5029572.569999984
2024-01-23,0.0465,0.0474,0.0436,0.0458,2566169.610000001
2024-01-24,0.0459,0.0463,0.044,0.046,2468263.589999998
2024-01-25,0.0458,0.046,0.044,0.0455,1693318.3500000003
2024-01-26,0.0455,0.0476,0.0452,0.047,1830517.8900000001
2024-01-27,0.0471,0.0475,0.0462,0.0474,2636745.4200000013
2024-01-28,0.0472,0.0485,0.0466,0.0478,3335489.7800000003
2024-01-29,0.0476,0.0491,0.047,0.0483,2687674.1800000006
2024-01-30,0.0481,0.0487,0.047,0.0472,1222718.129999999
2024-01-31,0.0473,0.0473,0.0446,0.0447,3296858.049999999
2024-02-01,0.0447,0.0466,0.0442,0.0452,1371170.06
2024-02-02,0.0452,0.0467,0.0449,0.0457,1650570.04
2024-02-03,0.0458,0.0482,0.0457,0.0464,2661149.3200000003
2024-02-04,0.0463,0.0491,0.0457,0.0459,7304836.8900000015
2024-02-05,0.0459,0.0477,0.0455,0.0462,3534519.639999997
2024-02-06,0.0463,0.0468,0.0446,0.046,2581265.859999998
2024-02-07,0.0458,0.0479,0.0457,0.0474,2240744.5299999956
2024-02-08,0.0473,0.0487,0.047,0.0478,1535129.3499999999
2024-02-09,0.0478,0.0536,0.0478,0.0525,8499018.9
2024-02-10,0.0527,0.0562,0.0502,0.0521,9717273.460000012
2024-02-11,0.0521,0.0542,0.0504,0.0508,3169282.0499999975
2024-02-12,0.0511,0.0522,0.0497,0.0517,2212744.9700000035
2024-02-13,0.0517,0.0548,0.0512,0.0531,3520562.2800000045
2024-02-14,0.0532,0.0558,0.0522,0.0548,6016292.759999995
2024-02-15,0.0547,0.0592,0.0547,0.0573,8601891.060000008
2024-02-16,0.0572,0.0588,0.056,0.0581,2921593.069999994
2024-02-17,0.0582,0.0584,0.0543,0.0578,3942325.2599999974
2024-02-18,0.0576,0.0628,0.0572,0.0595,7273506.769999989
2024-02-19,0.0594,0.0607,0.0581,0.0596,3131087.26999999
2024-02-20,0.0594,0.0629,0.0561,0.0588,8213254.17
2024-02-21,0.0589,0.0603,0.0555,0.0575,5035117.340000008
2024-02-22,0.0576,0.063,0.0558,0.0595,10410648.700000005
2024-02-23,0.0596,0.063,0.0579,0.0587,5458577.950000001
2024-02-24,0.0586,0.063,0.0584,0.0621,4857796.460000001
2024-02-25,0.0623,0.0648,0.0604,0.0611,6292039.210000025
2024-02-26,0.061,0.0619,0.0584,0.0611,6124411.340000003
2024-02-27,0.0612,0.0644,0.0582,0.0611,9645001.019999987
2024-02-28,0.0611,0.0642,0.0586,0.0642,9937579.190000005
2024-02-29,0.0641,0.069,0.0626,0.0636,14896587.819999956
2024-03-01,0.0635,0.0715,0.0633,0.0713,7989009.800000025
2024-03-02,0.0715,0.0746,0.069,0.0738,12070761.18999998
2024-03-03,0.0738,0.0791,0.0679,0.0759,8481616.45999998
2024-03-04,0.0758,0.084,0.0738,0.0742,11299760.339999951
2024-03-05,0.0743,0.084,0.0645,0.0671,14784636.359999955
2024-03-06,0.0671,0.073,0.0632,0.0719,16977377.08999997
2024-03-07,0.0722,0.0766,0.0701,0.0754,9929111.889999999
2024-03-08,0.0753,0.081,0.0708,0.0765,14713514.789999953
2024-03-09,0.0765,0.09,0.0755,0.0844,24394243.399999954
2024-03-10,0.0841,0.0869,0.0793,0.0812,12420484.539999932
2024-03-11,0.0812,0.1074,0.0789,0.0963,24315032.710000027
2024-03-12,0.0964,0.1333,0.094,0.1132,150900839.33999798
2024-03-13,0.1133,0.15,0.1088,0.1387,148336080.0599999
2024-03-14,0.1387,0.15,0.1165,0.1235,58838676.99999957
2024-03-15,0.1238,0.1283,0.1044,0.1145,27818924.160000052
2024-03-16,0.1147,0.121,0.0961,0.0989,18264594.14000011
2024-03-17,0.099,0.1372,0.0969,0.1291,44481038.33999973
2024-03-18,0.1297,0.14,0.1106,0.1117,57974684.91999993
2024-03-19,0.1118,0.1282,0.1001,0.1145,53703661.950000025
2024-03-20,0.1145,0.1289,0.109,0.122,29048298.33000013
2024-03-21,0.122,0.1266,0.1133,0.1182,19491073.909999944
2024-03-22,0.1179,0.1228,0.1062,0.1122,14222093.35999997
2024-03-23,0.1122,0.1141,0.1053,0.1074,15654895.100000001
2024-03-24,0.1072,0.1113,0.1034,0.1098,11190911.689999992
2024-03-25,0.1098,0.13,0.109,0.1199,19969718.779999923
2024-03-26,0.1198,0.1242,0.1129,0.1147,12305532.239999982
2024-03-27,0.1149,0.1482,0.1141,0.1433,46395008.04000014
2024-03-28,0.1437,0.1731,0.13,0.1356,76137409.34000126
2024-03-29,0.1357,0.1411,0.1238,0.1255,26077669.740000185
2024-03-30,0.1255,0.1369,0.1225,0.1251,9971758.179999981
2024-03-31,0.1248,0.1318,0.1216,0.1269,9153934.139999993
2024-04-01,0.1267,0.1271,0.1155,0.1175,8315550.379999999
2024-04-02,0.1175,0.1175,0.1035,0.1064,9102610.219999999
2024-04-03,0.1067,0.1118,0.1019,0.1024,7453777.360000004
2024-04-04,0.1025,0.1127,0.1004,0.1068,6186041.2
2024-04-05,0.107,0.1149,0.1016,0.1029,5727345.939999999
2024-04-06,0.1031,0.1083,0.1027,0.1069,5456835.139999991
2024-04-07,0.107,0.1119,0.1058,0.1072,6582308.489999994
2024-04-08,0.1078,0.1138,0.107,0.1113,8816737.429999989
2024-04-09,0.1114,0.1118,0.1024,0.1031,3906090.27
2024-04-10,0.1033,0.1058,0.0996,0.1058,6844648.390000011
2024-04-11,0.1056,0.1076,0.1013,0.1019,4257532.239999997
2024-04-12,0.1021,0.1047,0.0844,0.0882,13157478.440000044
2024-04-13,0.0878,0.088,0.065,0.0725,13559727.50999996
2024-04-14,0.0725,0.0793,0.069,0.0775,7264307.049999995
2024-04-15,0.0775,0.0831,0.0697,0.0719,6321354.019999999
2024-04-16,0.0718,0.0771,0.0687,0.0762,8930794.509999964
2024-04-17,0.0765,0.0773,0.0698,0.0728,7337702.300000051
2024-04-18,0.0728,0.0767,0.0713,0.0758,4257238.110000007
2024-04-19,0.0759,0.0824,0.07,0.0777,6530404.100000001
2024-04-20,0.0779,0.0872,0.0771,0.0868,4075562.459999993
2024-04-21,0.0869,0.089,0.0829,0.0834,4334121.550000007
2024-04-22,0.0834,0.0898,0.0823,0.0878,4598946.450000007
2024-04-23,0.0878,0.091,0.0855,0.0889,3997163.7899999954
2024-04-24,0.0886,0.0939,0.0815,0.0825,7052954.259999989
2024-04-25,0.0824,0.0842,0.0794,0.0826,3402264.9099999955
2024-04-26,0.0826,0.0835,0.0785,0.0787,4343573.159999995
2024-04-27,0.0787,0.0809,0.0757,0.0795,3665559.2399999993
2024-04-28,0.0794,0.0819,0.0769,0.0777,2528931.720000001
2024-04-29,0.0774,0.079,0.0735,0.0764,4608104.139999985
2024-04-30,0.0764,0.0777,0.0658,0.069,5867884.630000007
2024-05-01,0.0688,0.0705,0.0638,0.0696,7799340.0499999905
2024-05-02,0.0694,0.0722,0.0668,0.071,2845338.990000003
2024-05-03,0.071,0.0771,0.0707,0.0761,3869228.67999999
2024-05-04,0.0759,0.0795,0.0738,0.0768,3365026.3199999975
2024-05-05,0.0766,0.0769,0.0742,0.0748,2498209.7500000023
2024-05-06,0.0748,0.0764,0.0716,0.0721,2811108.8599999957
2024-05-07,0.0718,0.0738,0.0703,0.0704,2364468.5100000026
2024-05-08,0.0705,0.0715,0.0682,0.0697,3485654.0
2024-05-09,0.0696,0.0738,0.068,0.0728,2745270.3800000004
2024-05-10,0.0727,0.0742,0.0672,0.069,2940519.6500000013
2024-05-11,0.0689,0.0713,0.0685,0.0699,1205177.0299999989
2024-05-12,0.0699,0.0753,0.0682,0.07,4598014.800000007
2024-05-13,0.0702,0.0707,0.0668,0.0683,3603609.379999995
2024-05-14,0.0682,0.0693,0.065,0.0654,1795940.7499999977
2024-05-15,0.0656,0.0783,0.0651,0.0693,4987848.440000006
2024-05-16,0.0697,0.07,0.0659,0.0671,2256968.9699999997
2024-05-17,0.0671,0.0713,0.0667,0.0699,2914518.5199999963
2024-05-18,0.0699,0.0707,0.0684,0.0694,1133543.17
2024-05-19,0.0694,0.07,0.0654,0.0659,3431174.6799999997
2024-05-20,0.0659,0.0722,0.0654,0.0718,3514219.6300000073
2024-05-21,0.0717,0.0806,0.07,0.0716,11569229.429999972
2024-05-22,0.0715,0.074,0.0703,0.0725,4319006.929999998
2024-05-23,0.0725,0.076,0.0686,0.0712,4929125.599999997
2024-05-24,0.0709,0.073,0.0689,0.073,2535304.1199999996
2024-05-25,0.0728,0.0734,0.0713,0.0716,1828721.229999999
2024-05-26,0.0716,0.0736,0.0707,0.0729,3522111.8200000045
2024-05-27,0.073,0.0743,0.0713,0.0718,2912729.2099999986
2024-05-28,0.0718,0.0729,0.0703,0.0725,2636930.0500000045
2024-05-29,0.0725,0.0741,0.0707,0.071,3111136.640000002
2024-05-30,0.071,0.0723,0.0686,0.0692,2683357.230000006
2024-05-31,0.0691,0.0711,0.0683,0.07,1843635.289999998
2024-06-01,0.0697,0.0703,0.0687,0.0694,1201539.3299999994
2024-06-02,0.0694,0.0708,0.0686,0.0697,1918484.2600000023
2024-06-03,0.0697,0.0737,0.0692,0.0707,3962737.1400000015
2024-06-04,0.0707,0.074,0.0702,0.074,2246735.1100000013
2024-06-05,0.0739,0.0795,0.0739,0.0755,9650882.849999994
2024-06-06,0.0754,0.0782,0.0736,0.0774,2321814.0900000054
2024-06-07,0.0774,0.0783,0.0687,0.0706,3301742.180000002
2024-06-08,0.0706,0.0714,0.0662,0.0671,2292549.890000001
2024-06-09,0.0673,0.0688,0.0664,0.0684,1340368.3699999987
2024-06-10,0.0682,0.0691,0.0655,0.0665,3569827.36
2024-06-11,0.0668,0.067,0.0581,0.0597,6764133.959999994
2024-06-12,0.0597,0.0629,0.0586,0.0597,3073253.869999999
2024-06-13,0.0597,0.0599,0.0567,0.0571,3936554.8699999917
2024-06-14,0.057,0.0599,0.0556,0.058,4109833.3999999943
2024-06-15,0.0578,0.06,0.0574,0.0588,1580863.660000004
2024-06-16,0.0592,0.0595,0.0571,0.0592,2809206.829999996
2024-06-17,0.0593,0.0595,0.0531,0.0547,3659671.3499999996
2024-06-18,0.0548,0.0548,0.0485,0.0515,6487028.03
2024-06-19,0.0517,0.0543,0.051,0.0514,2739960.6099999934
2024-06-20,0.0515,0.0552,0.0513,0.0523,4136118.29
2024-06-21,0.0523,0.0566,0.0514,0.0524,6874184.289999997
2024-06-22,0.0523,0.0524,0.0494,0.0507,2207500.72000002
2024-06-23,0.0507,0.0518,0.048,0.048,1844087.8699999999
2024-06-24,0.0481,0.051,0.0461,0.0509,3728205.17
2024-06-25,0.0506,0.0527,0.0499,0.0517,2495872.0500000007
2024-06-26,0.0518,0.0523,0.0496,0.0505,1850743.1000000022
2024-06-27,0.0505,0.0542,0.0498,0.0534,2913333.440000001
2024-06-28,0.0536,0.0553,0.0511,0.0512,3010120.5700000003
2024-06-29,0.0513,0.0522,0.0497,0.0499,2369795.450000001
2024-06-30,0.0499,0.0529,0.0484,0.0526,3348399.980000006
2024-07-01,0.0526,0.054,0.0519,0.0527,1708611.3699999996
2024-07-02,0.0526,0.053,0.0511,0.0517,2446486.5000000037
2024-07-03,0.0517,0.052,0.0479,0.0486,2189953.139999998
2024-07-04,0.0487,0.0489,0.0445,0.0451,3784631.7599999947
2024-07-05,0.045,0.0451,0.0385,0.0441,6809741.519999999
2024-07-06,0.0442,0.0474,0.0438,0.0473,1902682.1099999999
2024-07-07,0.0473,0.0475,0.0434,0.0436,2527121.6900000013
2024-07-08,0.0436,0.0475,0.0426,0.0469,3059931.3300000033
2024-07-09,0.0469,0.0483,0.0463,0.0481,1744141.4700000014
2024-07-10,0.0482,0.0488,0.0469,0.0474,2275453.309999997
2024-07-11,0.0473,0.0492,0.0467,0.0468,2948302.3899999997
2024-07-12,0.0467,0.049,0.0458,0.0482,2382290.9999999995
2024-07-13,0.0484,0.0486,0.0471,0.0478,1907262.0899999994
2024-07-14,0.0479,0.0507,0.0475,0.0502,2760450.2400000026
2024-07-15,0.0503,0.0549,0.0498,0.0546,2829181.8699999982
2024-07-16,0.0546,0.0546,0.0516,0.0532,2185926.1799999992
2024-07-17,0.0532,0.0556,0.0531,0.0539,2592113.979999999
2024-07-18,0.0541,0.0553,0.051,0.0523,3098058.3999999976
2024-07-19,0.0521,0.0549,0.0507,0.0544,2190546.1099999994
2024-07-20,0.0544,0.0546,0.0527,0.0534,1957267.2600000005
2024-07-21,0.0533,0.0544,0.0518,0.0542,1862227.139999998
2024-07-22,0.0543,0.0544,0.0516,0.0521,1832175.6300000004
2024-07-23,0.0521,0.0529,0.0486,0.049,3405034.2700000005
2024-07-24,0.049,0.0498,0.0465,0.0469,3547547.770000013
2024-07-25,0.047,0.0478,0.0451,0.0478,5041872.45999998
2024-07-26,0.0479,0.0505,0.0476,0.0502,2238796.9499999983
2024-07-27,0.0502,0.0513,0.0494,0.0508,2027641.9199999992
2024-07-28,0.0508,0.0554,0.0493,0.0499,4908699.359999999
2024-07-29,0.0497,0.0513,0.0478,0.0479,5343221.709999999
2024-07-30,0.0479,0.0484,0.0455,0.0459,2867147.3899999997
2024-07-31,0.0459,0.047,0.0451,0.0453,2309156.0700000003
2024-08-01,0.0454,0.0459,0.0419,0.0448,3443618.369999998
2024-08-02,0.0449,0.0452,0.0421,0.0424,3258523.4400000013
2024-08-03,0.0424,0.0432,0.04,0.0408,3393751.6100000027
2024-08-04,0.0407,0.0416,0.038,0.038,5201715.3599999985
2024-08-05,0.0381,0.0383,0.0322,0.0356,13037999.78
2024-08-06,0.0359,0.038,0.0358,0.0375,4846833.430000002
2024-08-07,0.0374,0.039,0.0366,0.0376,4580897.530000003
2024-08-08,0.0377,0.041,0.0372,0.0409,4188839.969999998
2024-08-09,0.0411,0.0416,0.0402,0.041,2119902.7400000016
2024-08-10,0.0409,0.0413,0.04,0.0406,1044475.1499999986
2024-08-11,0.0404,0.0421,0.0384,0.0386,3286239.120000002
2024-08-12,0.0388,0.0411,0.0377,0.0403,3597334.340000001
2024-08-13,0.0403,0.0409,0.039,0.0407,745577.7899999999
2024-08-14,0.0407,0.041,0.0383,0.0389,3047680.430000003
2024-08-15,0.0388,0.0395,0.0369,0.0377,3306601.8600000003
2024-08-16,0.0377,0.0386,0.0364,0.038,3924374.3199999975
2024-08-17,0.0382,0.0397,0.0379,0.0396,1844530.8400000008
2024-08-18,0.0396,0.0418,0.0385,0.0403,4379774.860000002
2024-08-19,0.0403,0.0429,0.0395,0.0423,6027160.000000012
2024-08-20,0.0423,0.043,0.0404,0.0411,4509691.5299999975
2024-08-21,0.0411,0.0441,0.0406,0.0434,4513407.100000007
2024-08-22,0.0435,0.0443,0.0421,0.0437,4551644.750000003
2024-08-23,0.0438,0.0484,0.0438,0.0469,8331962.850000008
2024-08-24,0.0471,0.0496,0.0467,0.0484,6307280.520000006
2024-08-25,0.0485,0.0486,0.0457,0.0467,4819999.91
2024-08-26,0.0465,0.0494,0.044,0.0443,6585131.589999997
2024-08-27,0.0444,0.045,0.0412,0.043,3745299.2400000007
2024-08-28,0.0431,0.045,0.0415,0.0423,3186937.839999999
2024-08-29,0.0424,0.0448,0.0421,0.0432,2046530.0900000024
2024-08-30,0.0432,0.0439,0.0413,0.0426,1432640.9999999988
2024-08-31,0.0428,0.0429,0.0414,0.0418,853846.4199999999
2024-09-01,0.0416,0.0419,0.0399,0.0406,1755403.4799999995
2024-09-02,0.0406,0.0429,0.0403,0.0425,2531689.4800000004
2024-09-03,0.0425,0.0428,0.0401,0.0403,1998039.790000001
2024-09-04,0.0403,0.0407,0.038,0.0398,2240735.3899999987
2024-09-05,0.0399,0.0401,0.038,0.0383,985199.3299999998
2024-09-06,0.0383,0.0399,0.0372,0.0383,2511975.9499999974
2024-09-07,0.0384,0.039,0.0377,0.038,1866914.5299999993
2024-09-08,0.038,0.0391,0.0379,0.0388,762577.53
2024-09-09,0.0388,0.0411,0.0384,0.0409,1342448.4199999983
2024-09-10,0.041,0.0424,0.0408,0.0422,1290093.530000002
2024-09-11,0.0423,0.0424,0.0419,0.042,92087.26000000001
2024-09-12,0.0417,0.0428,0.0414,0.0426,1023457.6300000048
2024-09-13,0.0427,0.0438,0.042,0.0434,1010535.730000009
2024-09-14,0.0434,0.0444,0.0432,0.0437,875768.200000004
2024-09-15,0.0437,0.0438,0.0412,0.0415,732854.9700000047
2024-09-16,0.0413,0.0416,0.0385,0.0388,2510394.7999999984
2024-09-17,0.0387,0.0404,0.0383,0.04,2143424.7100000004
2024-09-18,0.0399,0.0408,0.0379,0.0407,4369503.070000006
2024-09-19,0.0408,0.0437,0.0408,0.0424,2705298.699999998
2024-09-20,0.0425,0.0446,0.0419,0.0441,2743854.02
2024-09-21,0.0442,0.0448,0.043,0.0446,2132070.02
2024-09-22,0.0447,0.055,0.0425,0.0511,28598021.550000053
2024-09-23,0.0511,0.0554,0.0472,0.049,29753077.17000002
2024-09-24,0.0491,0.0506,0.0475,0.0488,6202485.680000001
2024-09-25,0.049,0.052,0.0482,0.0484,4425783.909999996
2024-09-26,0.0483,0.0505,0.0478,0.0503,3946864.3999999957
2024-09-27,0.0502,0.0512,0.0498,0.0506,3410038.8899999973
2024-09-28,0.0502,0.0505,0.0466,0.048,4853838.929999997
2024-09-29,0.048,0.0497,0.0476,0.0493,1397768.2400000005
2024-09-30,0.0493,0.0494,0.0456,0.0461,3690685.270000007
2024-10-01,0.0461,0.0487,0.0418,0.0428,5641304.110000008
2024-10-02,0.0429,0.0452,0.0419,0.0426,1887624.0899999987
2024-10-03,0.0427,0.0439,0.0323,0.0356,45412548.84999985
2024-10-04,0.0356,0.0388,0.0329,0.0345,20068885.499999948
2024-10-05,0.0345,0.0355,0.0338,0.034,4310487.000000001
2024-10-06,0.034,0.0352,0.0333,0.035,4285349.4799999995
2024-10-07,0.0351,0.0354,0.0336,0.0343,6085338.039999989
2024-10-08,0.0342,0.0343,0.0318,0.033,7089713.110000019
2024-10-09,0.0329,0.0364,0.0317,0.0334,18582124.170000013
2024-10-10,0.0334,0.034,0.0309,0.0322,6720751.789999993
2024-10-11,0.0321,0.0339,0.032,0.0329,3727865.6799999983
2024-10-12,0.033,0.0338,0.0328,0.033,2975877.7300000037
2024-10-13,0.033,0.0353,0.0321,0.0336,8230049.2799999835
2024-10-14,0.0337,0.035,0.0327,0.0347,7855669.3100000005
2024-10-15,0.0347,0.0353,0.0333,0.0339,5350642.979999991
2024-10-16,0.034,0.0343,0.0331,0.0335,2779931.139999999
2024-10-17,0.0335,0.0341,0.0323,0.0325,2773675.48
2024-10-18,0.0325,0.0336,0.0321,0.0329,6450339.030000002
2024-10-19,0.033,0.0334,0.0326,0.033,3080115.3100000033
2024-10-20,0.033,0.0338,0.0327,0.0335,7811172.010000008
2024-10-21,0.0335,0.0344,0.0329,0.0341,10927672.099999996
2024-10-22,0.0341,0.0344,0.0327,0.0331,5175377.739999992
2024-10-23,0.0331,0.0332,0.0312,0.0322,3726811.0299999975
2024-10-24,0.0321,0.0329,0.0316,0.0325,3419979.790000005
2024-10-25,0.0325,0.0328,0.0283,0.0285,10645938.3
2024-10-26,0.0286,0.0299,0.0282,0.0293,6047001.770000001
2024-10-27,0.0292,0.0301,0.0289,0.0298,3094774.249999998
2024-10-28,0.0297,0.0301,0.029,0.03,2428236.7499999967
2024-10-29,0.03,0.0312,0.0297,0.0304,12107687.700000009
2024-10-30,0.0303,0.0308,0.0296,0.0298,4225395.029999998
2024-10-31,0.0298,0.0299,0.0279,0.0286,5767061.099999996
2024-11-01,0.0286,0.0311,0.0276,0.0285,5867633.379999996
2024-11-02,0.0284,0.0286,0.0275,0.0278,3171488.109999999
2024-11-03,0.0279,0.028,0.025,0.0261,11831800.220000003
2024-11-04,0.0262,0.0268,0.0247,0.0254,11748567.780000007
2024-11-05,0.0254,0.0266,0.0253,0.0261,5905960.039999997
2024-11-06,0.0261,0.0284,0.026,0.0284,11203892.950000009
2024-11-07,0.0284,0.0293,0.0277,0.0285,6778062.719999999
2024-11-08,0.0287,0.0289,0.0276,0.0287,6133060.839999997
2024-11-09,0.0288,0.0308,0.0281,0.0301,16015935.730000008
2024-11-10,0.03,0.0385,0.0291,0.0324,42605282.58000039
2024-11-11,0.0324,0.0337,0.0313,0.0335,22780231.899999984
2024-11-12,0.0336,0.0336,0.0299,0.0312,15749645.830000063
2024-11-13,0.0312,0.0322,0.0288,0.0298,16777426.73000002
2024-11-14,0.0299,0.0464,0.0288,0.0334,63181637.889999904
2024-11-15,0.0334,0.079,0.0315,0.0566,495624615.8300098
2024-11-16,0.0564,0.17,0.0511,0.1048,686838925.6499716
2024-11-17,0.0965,0.1024,0.0873,0.0897,24369807.380000055
2024-11-18,0.0796,0.0812,0.0765,0.0793,15751253.879999997
2024-11-19,0.0743,0.0771,0.073,0.0763,12309962.260000004
2024-11-20,0.1108,0.1159,0.105,0.1097,39318487.17000021
2024-11-21,0.1107,0.1295,0.1001,0.1049,157151495.39999837
2024-11-22,0.1048,0.1069,0.0929,0.0957,106492597.9800002
2024-11-23,0.0958,0.1097,0.0898,0.0968,101887225.8599989
2024-11-24,0.0969,0.1059,0.0893,0.0937,77885233.5400002
2024-11-25,0.0938,0.1037,0.0872,0.0898,55417907.870000124
2024-11-26,0.09,0.0958,0.0817,0.0849,30192862.210000113
2024-11-27,0.0848,0.0998,0.0836,0.0884,31164738.959999904
2024-11-28,0.0883,0.091,0.085,0.0863,17690822.830000073
2024-11-29,0.0864,0.0929,0.0855,0.0894,20076890.3299999
2024-11-30,0.0894,0.0919,0.0876,0.09,14988558.360000016
2024-12-01,0.09,0.0902,0.0852,0.0864,17736427.480000123
2024-12-02,0.0861,0.0868,0.0775,0.0815,22423484.789999805
2024-12-03,0.0817,0.0838,0.0767,0.0819,25611852.339999527
2024-12-04,0.0818,0.083,0.0782,0.0793,18143139.48000002
2024-12-05,0.0793,0.1075,0.0774,0.0935,116418217.76999822
2024-12-06,0.0935,0.0993,0.0872,0.0885,46987493.36999989
2024-12-07,0.0886,0.0935,0.0867,0.0894,18114418.36999997
2024-12-08,0.0893,0.0906,0.0855,0.087,10190786.180000013
2024-12-09,0.087,0.0873,0.0698,0.0737,16566287.650000025
2024-12-10,0.0772,0.0935,0.0736,0.0852,61476184.53000077
2024-12-11,0.0852,0.0902,0.0808,0.0863,33379847.720000006
2024-12-12,0.0863,0.0888,0.0822,0.0833,11873194.620000066
2024-12-13,0.0831,0.0893,0.0816,0.085,18407089.330000084
2024-12-14,0.0849,0.0875,0.0801,0.0817,8141780.650000041
2024-12-15,0.0814,0.0828,0.0783,0.0817,7101537.540000034
2024-12-16,0.0819,0.0827,0.078,0.0794,7747212.650000038
2024-12-17,0.0795,0.0797,0.0748,0.0757,6889695.510000022
2024-12-18,0.0757,0.0757,0.0657,0.066,16380338.73000006
2024-12-19,0.066,0.0696,0.0583,0.0607,13700593.45000001
2024-12-20,0.0624,0.0775,0.0586,0.0671,42266133.359999575
2024-12-21,0.0669,0.0708,0.0627,0.0641,8392413.039999984
2024-12-22,0.064,0.0792,0.0622,0.0705,27381096.860013347
2024-12-23,0.0704,0.079,0.066,0.0732,29199406.129999846
2024-12-24,0.0733,0.0757,0.0696,0.0721,16132345.42000003
2024-12-25,0.072,0.0752,0.071,0.0722,10348218.91999728
2024-12-26,0.0723,0.0754,0.0668,0.0678,10401531.889999991
2024-12-27,0.0678,0.0714,0.0658,0.0679,7068722.860000024
2024-12-28,0.0679,0.0707,0.0676,0.069,6223218.510000003
2024-12-29,0.0689,0.0689,0.0638,0.0649,4015912.0800000024
2024-12-30,0.0648,0.068,0.062,0.0643,4977894.060000007
2024-12-31,0.0633,0.0655,0.0614,0.0637,4553005.590000017
2025-01-01,0.0642,0.0694,0.0628,0.0654,9693307.660000034
2025-01-02,0.0659,0.0688,0.0651,0.0666,4887053.38
2025-01-03,0.0667,0.0697,0.0653,0.0689,7809256.700000018
2025-01-04,0.0689,0.0698,0.0667,0.0681,3656556.929999997
2025-01-05,0.0681,0.0695,0.0664,0.0674,3467807.080000005
2025-01-06,0.0674,0.0688,0.0663,0.068,4054548.150000001
2025-01-07,0.068,0.0682,0.0612,0.0618,5085217.910000019
2025-01-08,0.0621,0.065,0.0558,0.0586,12946315.739999978
2025-01-09,0.0586,0.0627,0.056,0.0569,4323432.3600000115
2025-01-10,0.0569,0.0601,0.0567,0.0577,3183059.8500000197
2025-01-11,0.0578,0.0605,0.0565,0.058,6529082.590000021
2025-01-12,0.058,0.0592,0.0562,0.0571,3598297.250000007
2025-01-13,0.057,0.0585,0.0507,0.054,7451421.39000002
2025-01-14,0.054,0.059,0.054,0.0572,6817706.940000018
2025-01-15,0.0571,0.06,0.0543,0.0595,5917970.780000011
2025-01-16,0.0595,0.061,0.0575,0.0581,6712091.049999998
2025-01-17,0.0582,0.063,0.058,0.0615,8438158.760000022
2025-01-18,0.0615,0.062,0.0551,0.0565,6497212.980000009
2025-01-19,0.0565,0.0581,0.048,0.0486,13500670.009999992
2025-01-20,0.0486,0.0529,0.0446,0.0459,11080882.830000015
2025-01-21,0.046,0.078,0.0445,0.0632,115368345.4599976
2025-01-22,0.0632,0.1001,0.058,0.0691,271588441.52001953
2025-01-23,0.0677,0.0787,0.0608,0.0623,81154749.28999761
2025-01-24,0.062,0.072,0.0591,0.0625,38944293.40999964
2025-01-25,0.0625,0.0669,0.0583,0.061,24997202.58999998
2025-01-26,0.061,0.0641,0.0579,0.0581,32127173.570000235
2025-01-27,0.0582,0.0602,0.0532,0.0556,23010682.449999966
2025-01-28,0.0557,0.0719,0.0535,0.0608,80015168.74999999
2025-01-29,0.0595,0.0644,0.0567,0.0586,39038893.549999766
2025-01-30,0.0586,0.0618,0.0581,0.0584,11435645.549999997
2025-01-31,0.0585,0.0605,0.0563,0.057,14020776.190000003
2025-02-01,0.057,0.0616,0.051,0.0515,25094974.419999864
2025-02-02,0.0514,0.0742,0.0472,0.0492,63817335.93000027
2025-02-03,0.0491,0.0564,0.0393,0.0512,41863402.61999983
2025-02-04,0.0512,0.0563,0.0483,0.0505,25085728.33999982
2025-02-05,0.0504,0.0602,0.0477,0.0511,39826144.16999996
2025-02-06,0.0509,0.07,0.0483,0.0484,6929059.264376308
2025-02-07,0.0488,0.0522,0.0475,0.0488,5838078.629999995
2025-02-08,0.0487,0.0494,0.0477,0.0487,2959114.45
2025-02-09,0.0489,0.0659,0.04171,0.0474,24284400.130253885
2025-02-10,0.0473,0.06599,0.04046,0.0483,15024103.091361951
2025-02-11,0.0483,0.0495,0.0466,0.0471,6677636.829999996
2025-02-12,0.047,0.0514,0.0461,0.0477,12167357.42000001
2025-02-13,0.0477,0.0487,0.0465,0.0468,3759577.85
2025-02-14,0.0468,0.0588,0.0464,0.0496,30456806.36999999
2025-02-15,0.0496,0.0539,0.0468,0.0484,29794560.629999887
2025-02-16,0.0484,0.0503,0.0469,0.0472,12007329.579999996
2025-02-17,0.0475,0.0482,0.0387,0.0398,52146925.74999524
2025-02-18,0.0398,0.042,0.0341,0.0368,53164182.9899994
2025-02-19,0.0368,0.0401,0.0348,0.0363,25990425.489999924
2025-02-20,0.0364,0.0398,0.0332,0.0347,28039033.58999984
2025-02-21,0.0348,0.0368,0.031,0.0316,24613002.630000092
2025-02-22,0.0318,0.0358,0.0315,0.0335,27105196.56999997
2025-02-23,0.0334,0.0344,0.0304,0.0308,20036760.819999978
2025-02-24,0.0308,0.0323,0.0272,0.028,49244947.75999996
2025-02-25,0.0282,0.0285,0.026,0.0278,17009081.539999973
2025-02-26,0.0278,0.0283,0.0264,0.0272,12741952.199999994
2025-02-27,0.0272,0.0524,0.0266,0.0421,519319702.9900109
2025-02-28,0.0421,0.0438,0.0313,0.0339,278286827.06000066
2025-03-01,0.0339,0.0387,0.0316,0.0335,50431362.05999944
2025-03-02,0.0336,0.04,0.0312,0.0351,60884353.34999974
2025-03-03,0.0352,0.0439,0.0319,0.0359,100178658.78000063
2025-03-04,0.0357,0.046,0.0302,0.032,170110458.279999
2025-03-05,0.0322,0.033,0.0308,0.0315,38012991.49999999
2025-03-06,0.0315,0.0323,0.0298,0.0302,28039726.91999997
2025-03-07,0.0302,0.0324,0.0293,0.0313,60003144.31999998
2025-03-08,0.0314,0.0315,0.0293,0.0298,28930898.829999994
2025-03-09,0.0297,0.03,0.0272,0.0278,12827299.57999998
2025-03-10,0.0278,0.0284,0.0241,0.0253,58342339.46000028
2025-03-11,0.0252,0.027,0.023,0.0265,67996249.76000072
2025-03-12,0.0265,0.0266,0.0253,0.0264,11581331.34
2025-03-13,0.0264,0.0266,0.025,0.0252,14779034.759999998
2025-03-14,0.0252,0.035,0.025,0.0286,122054849.97999984
2025-03-15,0.0287,0.0328,0.0285,0.0294,83678260.54000056
2025-03-16,0.0294,0.0295,0.0266,0.0273,23116075.33999994
2025-03-17,0.0274,0.0293,0.0272,0.0283,10064391.650000023
2025-03-18,0.0282,0.0283,0.0269,0.0276,16072754.510000054
2025-03-19,0.0276,0.0292,0.0269,0.0281,16806481.45
2025-03-20,0.0282,0.0283,0.0273,0.0275,8654885.589999992
2025-03-21,0.0275,0.0322,0.0272,0.0277,43896116.81000004
2025-03-22,0.0277,0.0286,0.0272,0.0277,10741437.039999986
2025-03-23,0.0278,0.0283,0.027,0.0278,9874387.75
2025-03-24,0.0276,0.0288,0.0275,0.0283,8700583.649999993
2025-03-25,0.0282,0.0289,0.0278,0.0288,5029500.909999995
2025-03-26,0.0287,0.0294,0.0278,0.0281,10061764.049999993
2025-03-27,0.0282,0.0285,0.0273,0.0278,7740899.449999991
2025-03-28,0.0276,0.0278,0.0259,0.0262,10270981.000000019
2025-03-29,0.0261,0.0315,0.0258,0.0263,70009201.46000043
2025-03-30,0.0262,0.0271,0.0261,0.0263,7073423.119999995
2025-03-31,0.0262,0.0266,0.0259,0.0262,3669051.329999998
2025-04-01,0.0262,0.0275,0.0259,0.0259,10027862.700000001
2025-04-02,0.0259,0.026,0.0234,0.0237,8507140.950000007
2025-04-03,0.0236,0.0255,0.0233,0.0241,6467235.069999995
2025-04-04,0.0241,0.025,0.0236,0.0243,3064293.4299999997
2025-04-05,0.0242,0.0246,0.0234,0.0241,3047347.1100000013
2025-04-06,0.024,0.0242,0.0216,0.0226,10035814.450000016
2025-04-07,0.0226,0.0249,0.0188,0.0222,29545290.019999918
2025-04-08,0.0221,0.0227,0.0203,0.0207,7627419.82999998
2025-04-09,0.0207,0.0233,0.0198,0.0223,17551186.60999999
2025-04-10,0.0224,0.0289,0.0214,0.0228,29237941.960006144
2025-04-11,0.0228,0.0248,0.0214,0.0233,17434037.93000002
2025-04-12,0.0232,0.025,0.0229,0.0243,7402010.890000001
2025-04-13,0.0243,0.0247,0.023,0.023,4056131.8200000073
2025-04-14,0.023,0.0237,0.0225,0.0228,3728763.6899999967
2025-04-15,0.0228,0.0234,0.022,0.0222,5017050.660000007
2025-04-16,0.0222,0.0231,0.0219,0.022,3007715.570000003
2025-04-17,0.0221,0.023,0.022,0.0222,2292170.7299999995
2025-04-18,0.0222,0.0231,0.022,0.0228,3526104.9899999984
2025-04-19,0.0229,0.0235,0.0226,0.0232,4308112.310000002
2025-04-20,0.0233,0.0312,0.023,0.0264,80139287.07999977
2025-04-21,0.0265,0.0279,0.0247,0.0253,34880912.81000017
2025-04-22,0.0252,0.0272,0.0247,0.0261,15600103.28
2025-04-23,0.0262,0.03,0.0257,0.027,32165556.7999997
2025-04-24,0.027,0.0289,0.0257,0.0268,14117141.580000017
2025-04-25,0.0268,0.0284,0.0264,0.0273,10565363.47000001
2025-04-26,0.0273,0.0298,0.027,0.0284,18802455.829999976
2025-04-27,0.0285,0.0287,0.0264,0.027,13162065.220000021
2025-04-28,0.027,0.0285,0.0264,0.0271,9507100.779999997
2025-04-29,0.0271,0.0276,0.0257,0.0259,3450151.880000001
2025-04-30,0.026,0.0272,0.0255,0.0261,6649028.509999998
2025-05-01,0.0261,0.028,0.026,0.0266,4729933.669999998
2025-05-02,0.0265,0.0279,0.0259,0.0265,4930018.7
2025-05-03,0.0266,0.0266,0.0253,0.0254,2620028.5800000005
2025-05-04,0.0254,0.0336,0.025,0.0286,79102662.59999914
2025-05-05,0.0285,0.0316,0.0264,0.0269,55335915.55000015
2025-05-06,0.0267,0.027,0.025,0.0256,15052925.120000033
2025-05-07,0.0255,0.0268,0.0252,0.0264,5040722.689999989
2025-05-08,0.0262,0.028,0.0257,0.0278,9940938.449999971
2025-05-09,0.0278,0.0296,0.0269,0.0288,20506694.420000006
2025-05-10,0.0289,0.03,0.0276,0.0297,10388278.529999994
2025-05-11,0.0297,0.0303,0.0285,0.0288,8065159.5100000035
2025-05-12,0.0289,0.03,0.028,0.0292,16556969.030000007
2025-05-13,0.0292,0.0298,0.0281,0.0294,9592600.790000016
2025-05-14,0.0294,0.034,0.0286,0.029,29014230.98
2025-05-15,0.0291,0.0295,0.0271,0.0274,10792868.109999988
2025-05-16,0.0274,0.028,0.0271,0.0271,5138578.139999992
2025-05-17,0.0271,0.0272,0.0255,0.0256,7963772.379999997
2025-05-18,0.0258,0.033,0.0257,0.027,39553850.19000113
2025-05-19,0.0271,0.0321,0.0265,0.0289,55748441.59000013
2025-05-20,0.0289,0.0292,0.0275,0.0281,9552754.590000007
2025-05-21,0.0281,0.0287,0.0274,0.0284,5939479.330000007
2025-05-22,0.0284,0.0292,0.0281,0.0286,7027401.219999995
2025-05-23,0.0286,0.0292,0.0272,0.0272,4151498.1599999983
2025-05-24,0.0272,0.0276,0.0269,0.0272,2681164.109999998
2025-05-25,0.0271,0.0308,0.0266,0.0274,21180577.289998967
2025-05-26,0.0275,0.0285,0.0272,0.0276,4556476.140000007
2025-05-27,0.0274,0.0281,0.027,0.0272,3383318.93
2025-05-28,0.0273,0.0278,0.0266,0.0269,2685001.6199999982
2025-05-29,0.0271,0.0275,0.0258,0.0263,5706653.400000002
2025-05-30,0.0263,0.0285,0.0252,0.0257,14301366.909999972
2025-05-31,0.0258,0.0287,0.0246,0.0256,8466721.129999988
2025-06-01,0.0256,0.0264,0.0251,0.026,2863759.6099999985
2025-06-02,0.0259,0.0263,0.0252,0.0255,3768491.06
2025-06-03,0.0255,0.0262,0.0252,0.0255,4737825.709999995
2025-06-04,0.0255,0.0259,0.0251,0.0251,4896012.560000003
2025-06-05,0.0251,0.0264,0.0239,0.024,9091788.850000003
2025-06-06,0.0242,0.0252,0.024,0.0247,1995814.25
2025-06-07,0.0246,0.0255,0.0244,0.0254,1195417.4200000006
2025-06-08,0.0254,0.0255,0.0248,0.0251,1715716.1400000001
2025-06-09,0.0251,0.0259,0.025,0.0258,1681060.5800000012
2025-06-10,0.0258,0.0264,0.0254,0.0261,2136443.700000002
2025-06-11,0.0262,0.0262,0.0255,0.0256,2077616.4799999986
2025-06-12,0.0254,0.0256,0.024,0.0241,2808097.809999998
2025-06-13,0.0241,0.0241,0.022,0.0233,6038505.869999993
2025-06-14,0.0234,0.025,0.0233,0.024,4620474.5600000005
2025-06-15,0.024,0.024,0.0232,0.0236,1811777.2199999997
2025-06-16,0.0236,0.0243,0.0233,0.0238,2262441.709999998
2025-06-17,0.0237,0.0238,0.022,0.0224,1990500.1099999999
2025-06-18,0.0223,0.0239,0.0222,0.0228,5171760.489999996
2025-06-19,0.0226,0.0233,0.0223,0.0228,3459491.680000001
2025-06-20,0.0227,0.0232,0.022,0.022,3249554.5300000017
2025-06-21,0.0222,0.0224,0.021,0.0213,2206004.0200000005
2025-06-22,0.0214,0.0253,0.0197,0.0215,17326743.250000022
2025-06-23,0.0217,0.0245,0.0194,0.0225,24837285.01
2025-06-24,0.0224,0.0226,0.0214,0.0219,5839521.700000007
2025-06-25,0.0216,0.0222,0.0209,0.0211,3082221.089999998
2025-06-26,0.0209,0.0213,0.02,0.0206,6494081.890000002
2025-06-27,0.0207,0.0215,0.0205,0.0209,5161536.8999999985
2025-06-28,0.0209,0.0213,0.0209,0.0212,1269059.1500000001
2025-06-29,0.0211,0.0216,0.0209,0.0216,3116657.9299999997
2025-06-30,0.0215,0.0215,0.0208,0.0209,2526868.159999999
2025-07-01,0.0209,0.021,0.0205,0.0205,2285099.46
2025-07-02,0.0205,0.0212,0.0205,0.0212,3758636.6999999983
2025-07-03,0.0212,0.0214,0.0209,0.021,2761206.660000001
2025-07-04,0.0209,0.0213,0.0202,0.0204,4036125.610000001
2025-07-05,0.0205,0.0207,0.0204,0.0205,1503718.8799999997
2025-07-06,0.0205,0.0209,0.0205,0.0208,1463101.08
2025-07-07,0.0207,0.0209,0.0204,0.0205,2299416.5
2025-07-08,0.0205,0.0207,0.0201,0.0207,2372300.3699999987
2025-07-09,0.0206,0.021,0.0205,0.0209,2839286.1300000018
2025-07-10,0.0209,0.0224,0.0209,0.022,5197463.579999999
2025-07-11,0.022,0.0246,0.0213,0.0224,14594221.169999976
2025-07-12,0.0224,0.0229,0.0215,0.0219,4468767.02
2025-07-13,0.0219,0.024,0.0218,0.0225,6702154.270000005
2025-07-14,0.0227,0.0243,0.0223,0.0225,12516084.259999994
2025-07-15,0.0225,0.0228,0.0219,0.0228,3267278.9699999997
2025-07-16,0.0228,0.0235,0.0226,0.0232,4229194.310000006
2025-07-17,0.0233,0.0244,0.0227,0.0232,8560575.550000021
2025-07-18,0.023,0.0262,0.0224,0.0229,13032101.719999991
2025-07-19,0.0229,0.0249,0.0225,0.023,7053027.990000007
2025-07-20,0.0231,0.0251,0.023,0.0239,9180584.739267964
