Date,Open,High,Low,Close,Volume
2024-11-13 05:00:00,49.0,49.0,43.0,45.2,8865695.0
2024-11-14 05:00:00,45.0,48.95,44.51,48.0,3057920.0
2024-11-15 05:00:00,49.04,49.5,45.39,45.91,5604964.0
2024-11-18 05:00:00,45.5,45.85,44.08,45.01,7858934.0
2024-11-19 05:00:00,46.08,46.165,44.81,44.98,4246237.0
2024-11-20 05:00:00,45.9,45.98,45.3,45.5,4404916.0
2024-11-21 05:00:00,46.59,47.26,46.1601,46.65,4276788.0
2024-11-22 05:00:00,46.8,47.07,46.03,46.16,1796061.0
2024-11-25 05:00:00,47.22,47.37,45.41,45.89,3608108.0
2024-11-26 05:00:00,45.92,45.93,44.57,45.1,2191357.0
2024-11-27 05:00:00,45.34,45.93,44.86,45.9,2012720.0
2024-11-29 05:00:00,47.83,49.59,47.79,48.51,2242493.0
2024-12-02 05:00:00,48.23,48.25,46.5201,47.22,1321245.0
2024-12-03 05:00:00,46.62,46.84,46.08,46.76,782009.0
2024-12-04 05:00:00,47.7,48.62,47.47,48.07,966563.0
2024-12-05 05:00:00,48.57,48.97,47.3089,48.03,920671.0
2024-12-06 05:00:00,48.26,48.5,46.625,47.43,716208.0
2024-12-09 05:00:00,46.95,46.975,45.49,45.79,670491.0
2024-12-10 05:00:00,45.76,45.935,45.2201,45.62,296722.0
2024-12-11 05:00:00,46.32,46.535,45.38,45.8,835039.0
2024-12-12 05:00:00,46.48,47.0,46.26,46.51,973999.0
2024-12-13 05:00:00,46.23,46.345,45.15,45.61,509670.0
2024-12-16 05:00:00,45.66,45.685,44.55,44.78,611479.0
2024-12-17 05:00:00,44.6,44.6,43.27,43.58,876903.0
2024-12-18 05:00:00,44.35,45.07,43.14,43.3,806387.0
2024-12-19 05:00:00,44.0,44.055,42.929,43.21,779886.0
2024-12-20 05:00:00,43.65,44.38,43.45,44.23,693292.0
2024-12-23 05:00:00,43.74,44.1,43.24,43.68,489192.0
2024-12-24 05:00:00,43.29,43.348,43.01,43.34,169389.0
2024-12-26 05:00:00,43.03,43.71,42.98,43.6,215149.0
2024-12-27 05:00:00,43.32,43.72,43.13,43.45,248121.0
2024-12-30 05:00:00,43.6,43.69,43.07,43.31,329133.0
2024-12-31 05:00:00,43.29,43.3,42.51,43.08,403588.0
2025-01-02 05:00:00,43.01,43.39,42.7,43.27,243608.0
2025-01-03 05:00:00,43.44,43.68,43.26,43.27,310817.0
2025-01-06 05:00:00,43.78,45.065,43.76,44.32,284239.0
2025-01-07 05:00:00,45.17,45.92,45.08,45.08,384857.0
2025-01-08 05:00:00,46.1,46.945,46.1,46.92,685122.0
2025-01-10 05:00:00,46.9,47.01,45.39,45.4,556375.0
2025-01-13 05:00:00,44.34,45.035,44.14,44.9,454348.0
2025-01-14 05:00:00,46.54,46.66,45.72,46.28,926388.0
2025-01-15 05:00:00,46.59,46.66,45.72,45.91,480515.0
2025-01-16 05:00:00,46.21,46.28,45.84,46.01,306750.0
2025-01-17 05:00:00,46.81,47.435,46.53,46.6,603597.0
2025-01-21 05:00:00,47.0,47.45,46.925,47.1,493243.0
2025-01-22 05:00:00,48.53,48.69,47.98,48.15,677548.0
2025-01-23 05:00:00,47.89,48.38,47.74,48.37,253643.0
2025-01-24 05:00:00,48.04,48.27,47.66,47.8,324722.0
2025-01-27 05:00:00,48.14,48.73,47.79,48.57,385637.0
2025-01-28 05:00:00,49.1,49.54,48.95,49.21,358112.0
2025-01-29 05:00:00,49.18,49.71,49.08,49.67,348352.0
2025-01-30 05:00:00,49.7,49.76,49.08,49.31,250601.0
2025-01-31 05:00:00,50.19,50.4,49.69,49.73,486810.0
2025-02-03 05:00:00,49.82,50.335,49.18,49.98,299430.0
2025-02-04 05:00:00,50.29,50.55,49.92,50.18,290576.0
2025-02-05 05:00:00,50.31,50.63,49.91,49.97,454371.0
2025-02-06 05:00:00,49.36,49.68,48.8613,49.1,332012.0
2025-02-07 05:00:00,48.17,48.17,47.25,47.64,360835.0
2025-02-10 05:00:00,47.6,47.8,47.15,47.23,441037.0
2025-02-11 05:00:00,47.48,47.66,47.15,47.31,310121.0
2025-02-12 05:00:00,46.95,47.18,46.64,47.05,387137.0
2025-02-13 05:00:00,48.1,48.45,47.81,47.97,405665.0
2025-02-14 05:00:00,47.3,47.3,46.7575,47.05,359065.0
2025-02-18 05:00:00,47.17,47.39,46.93,47.09,264243.0
2025-02-19 05:00:00,46.87,46.98,46.18,46.38,295108.0
2025-02-20 05:00:00,46.47,46.91,46.21,46.81,257092.0
2025-02-21 05:00:00,46.92,47.29,46.865,47.28,139094.0
2025-02-24 05:00:00,47.51,47.925,47.42,47.65,244824.0
2025-02-25 05:00:00,48.35,48.49,47.65,47.8,235138.0
2025-02-26 05:00:00,47.49,47.88,47.17,47.57,228974.0
2025-02-27 05:00:00,47.34,47.56,47.18,47.31,213875.0
2025-02-28 05:00:00,46.15,46.26,45.31,46.04,672836.0
2025-03-03 05:00:00,46.23,46.52,45.355,45.55,649611.0
2025-03-04 05:00:00,45.96,45.96,45.14,45.38,402410.0
2025-03-05 05:00:00,45.36,45.88,45.26,45.75,306514.0
2025-03-06 05:00:00,44.7,44.97,43.26,43.64,376027.0
2025-03-07 05:00:00,44.18,44.51,43.9509,44.37,289919.0
2025-03-10 04:00:00,44.76,44.94,44.0675,44.38,416465.0
2025-03-11 04:00:00,44.52,44.58,43.915,44.27,332047.0
2025-03-12 04:00:00,44.78,45.35,44.5,45.28,254382.0
2025-03-13 04:00:00,45.33,45.5,45.1129,45.36,212185.0
2025-03-14 04:00:00,45.53,46.0,45.46,45.96,200797.0
2025-03-17 04:00:00,46.06,46.39,45.95,46.28,331249.0
2025-03-18 04:00:00,46.0,46.51,45.915,46.34,288583.0
2025-03-19 04:00:00,46.52,47.5,46.52,47.34,349372.0
2025-03-20 04:00:00,47.26,47.55,46.7512,47.11,314030.0
2025-03-21 04:00:00,47.12,48.25,47.12,47.81,639764.0
2025-03-24 04:00:00,47.24,47.36,46.08,46.21,423322.0
2025-03-25 04:00:00,46.61,46.88,46.44,46.51,272023.0
2025-03-26 04:00:00,46.3,46.68,46.15,46.57,209346.0
2025-03-27 04:00:00,46.79,47.53,46.79,47.43,218197.0
2025-03-28 04:00:00,48.0,48.75,48.0,48.53,232727.0
2025-03-31 04:00:00,48.6,48.81,47.875,48.29,395115.0
2025-04-01 04:00:00,48.51,49.275,48.51,49.08,176037.0
2025-04-02 04:00:00,48.62,49.48,48.59,49.46,213740.0
2025-04-03 04:00:00,49.96,50.3,49.64,49.7,584134.0
2025-04-04 04:00:00,48.47,48.58,47.4,47.56,375708.0
2025-04-07 04:00:00,47.17,48.63,46.41,46.89,359470.0
2025-04-08 04:00:00,47.64,47.755,46.24,46.56,350915.0
2025-04-09 04:00:00,46.28,48.04,45.98,47.77,347725.0
2025-04-10 04:00:00,48.23,48.29,47.29,47.98,511243.0
2025-04-11 04:00:00,49.54,50.76,49.235,50.69,426811.0
2025-04-14 04:00:00,50.61,51.6727,50.57,51.58,348531.0
2025-04-15 04:00:00,52.01,52.05,51.585,51.86,231517.0
2025-04-16 04:00:00,52.2,52.4,51.54,51.81,240620.0
2025-04-17 04:00:00,52.5,53.41,52.41,53.25,363898.0
2025-04-21 04:00:00,53.21,53.38,52.34,52.64,135005.0
2025-04-22 04:00:00,53.55,54.095,53.31,54.01,209980.0
2025-04-23 04:00:00,53.32,53.365,52.375,52.88,182532.0
2025-04-24 04:00:00,52.73,53.0,52.59,52.81,164278.0
2025-04-25 04:00:00,52.1,52.25,51.75,52.19,147743.0
2025-04-28 04:00:00,51.91,51.97,51.49,51.87,288953.0
2025-04-29 04:00:00,52.59,53.08,52.4,52.99,173950.0
2025-04-30 04:00:00,54.0,54.03,53.39,53.92,228528.0
2025-05-01 04:00:00,53.61,54.69,53.45,53.5,130455.0
2025-05-02 04:00:00,54.35,54.55,53.77,54.09,339540.0
2025-05-05 04:00:00,53.99,54.16,53.61,53.64,149855.0
2025-05-06 04:00:00,53.67,54.375,53.67,54.11,83584.0
2025-05-07 04:00:00,53.76,54.12,53.56,53.59,212074.0
2025-05-08 04:00:00,53.61,53.82,53.23,53.26,122661.0
2025-05-09 04:00:00,54.15,54.96,54.15,54.78,227642.0
2025-05-12 04:00:00,53.6,53.7,53.1,53.33,156290.0
2025-05-13 04:00:00,53.94,54.245,53.56,53.75,187864.0
2025-05-14 04:00:00,53.16,53.62,52.98,53.45,156974.0
2025-05-15 04:00:00,53.76,54.28,53.64,53.9,301182.0
2025-05-16 04:00:00,49.66,49.735,49.15,49.56,170167.0
2025-05-19 04:00:00,50.81,51.06,50.11,50.25,177469.0
2025-05-20 04:00:00,50.53,51.12,50.47,51.0,137032.0
2025-05-21 04:00:00,51.18,51.24,50.14,50.45,192900.0
2025-05-22 04:00:00,51.47,52.33,51.05,52.3,351178.0
2025-05-23 04:00:00,52.46,52.48,51.85,52.4,288002.0
2025-05-27 04:00:00,52.73,53.1,52.57,52.6,183099.0
2025-05-28 04:00:00,51.8,52.1,51.35,51.45,206218.0
2025-05-29 04:00:00,51.14,51.43,50.8458,51.25,118807.0
2025-05-30 04:00:00,51.55,51.62,51.155,51.31,261979.0
2025-06-02 04:00:00,51.04,51.6,50.915,51.28,227385.0
2025-06-03 04:00:00,51.85,51.95,51.42,51.67,369435.0
2025-06-04 04:00:00,52.09,52.355,51.575,52.25,323862.0
2025-06-05 04:00:00,52.41,53.42,52.3,53.23,221531.0
2025-06-06 04:00:00,53.11,53.23,52.155,52.66,129427.0
2025-06-09 04:00:00,52.41,52.83,52.41,52.54,66352.0
2025-06-10 04:00:00,52.32,52.545,51.8475,52.07,204560.0
2025-06-11 04:00:00,52.42,52.6,52.17,52.36,318381.0
2025-06-12 04:00:00,53.58,53.985,53.28,53.7,328460.0
2025-06-13 04:00:00,52.95,53.54,52.95,53.29,124807.0
2025-06-16 04:00:00,53.22,53.615,53.16,53.19,146501.0
2025-06-17 04:00:00,52.85,52.9,52.385,52.59,123909.0
2025-06-18 04:00:00,52.64,53.225,52.54,52.8,69318.0
2025-06-20 04:00:00,53.87,54.0,53.325,53.68,362303.0
2025-06-23 04:00:00,53.52,54.28,53.52,54.16,263073.0
2025-06-24 04:00:00,54.26,54.76,54.19,54.39,134232.0
2025-06-25 04:00:00,53.93,54.155,53.5275,53.59,201224.0
2025-06-26 04:00:00,54.26,55.22,54.26,55.0,225333.0
2025-06-27 04:00:00,55.52,55.68,55.24,55.48,103189.0
2025-06-30 04:00:00,55.7,56.6,55.7,56.55,213239.0
2025-07-01 04:00:00,56.83,57.02,56.53,56.54,153262.0
2025-07-02 04:00:00,56.33,56.44,55.91,56.41,164253.0
2025-07-03 04:00:00,55.97,56.3,55.96,56.18,61709.0
2025-07-07 04:00:00,55.92,56.23,55.71,55.91,115092.0
2025-07-08 04:00:00,55.11,55.43,54.82,55.14,191647.0
2025-07-09 04:00:00,55.46,55.7,55.11,55.68,180954.0
2025-07-10 04:00:00,55.55,55.65,55.075,55.44,159223.0
2025-07-11 04:00:00,55.71,56.07,55.62,56.04,140937.0
2025-07-14 04:00:00,56.04,56.57,56.04,56.48,130263.0
2025-07-15 04:00:00,56.33,56.385,55.73,56.03,115654.0
2025-07-16 04:00:00,55.85,55.85,55.2,55.68,108847.0
2025-07-17 04:00:00,55.4,55.92,55.4,55.92,107379.0
2025-07-18 04:00:00,56.3,56.64,56.18,56.6,135441.0
2025-07-21 04:00:00,56.64,57.54,56.64,57.29,129239.0
2025-07-22 04:00:00,57.46,57.87,57.19,57.82,160873.0
2025-07-23 04:00:00,57.05,57.74,56.83,57.55,149762.0
2025-07-24 04:00:00,57.25,57.4465,57.0,57.07,98637.0
2025-07-25 04:00:00,56.08,56.46,54.84,56.42,118225.0
2025-07-28 04:00:00,54.87,54.87,54.39,54.58,169229.0
2025-07-29 04:00:00,54.24,54.45,54.03,54.23,147825.0
2025-07-30 04:00:00,53.84,54.32,53.58,53.63,168122.0
2025-07-31 04:00:00,53.42,54.13,52.905,53.06,347681.0
2025-08-01 04:00:00,52.61,53.25,52.135,53.03,159571.0
2025-08-04 04:00:00,54.95,55.82,54.92,55.37,253379.0
2025-08-05 04:00:00,55.19,55.43,55.06,55.21,121433.0
2025-08-06 04:00:00,55.8,56.32,55.76,56.0,169435.0
2025-08-07 04:00:00,55.85,56.02,55.16,55.24,197017.0
2025-08-08 04:00:00,55.41,55.555,54.82,55.18,181344.0
2025-08-11 04:00:00,55.37,55.72,55.21,55.24,139079.0
2025-08-12 04:00:00,55.68,55.86,55.55,55.72,115178.0
2025-08-13 04:00:00,55.92,56.07,55.62,56.06,115225.0
2025-08-14 04:00:00,56.26,56.53,56.02,56.34,133133.0
2025-08-15 04:00:00,55.93,56.26,55.7,55.9,67293.0
